Tarih,Maks_Sicaklik_C,Min_Sicaklik_C,Ort_Sicaklik_C,Toplam_Yagis_mm
30.03.2021,8.3,0.5,4.4,0.1
31.03.2021,9.8,1.5,5.5,1.4
01.04.2021,12.2,3.2,6.7,4.1
02.04.2021,11.4,2.8,6.3,3.0
03.04.2021,15.5,0.2,7.9,0.0
04.04.2021,16.4,2.8,9.5,0.6
05.04.2021,19.1,7.0,12.4,0.0
06.04.2021,22.7,5.7,13.7,0.0
07.04.2021,22.5,8.1,15.1,0.0
08.04.2021,20.9,7.0,13.2,0.0
09.04.2021,9.8,1.2,4.4,2.0
10.04.2021,3.5,-1.1,1.1,7.1
11.04.2021,6.4,-1.6,2.4,0.1
12.04.2021,8.9,0.4,4.1,0.2
13.04.2021,13.7,0.0,6.7,0.0
14.04.2021,19.1,4.1,11.4,0.2
15.04.2021,20.0,7.6,13.3,0.1
16.04.2021,22.9,7.3,14.9,0.0
17.04.2021,24.9,9.0,17.1,0.2
18.04.2021,26.9,13.9,19.6,0.3
19.04.2021,26.3,11.2,18.4,0.3
20.04.2021,24.2,11.4,17.7,0.0
21.04.2021,20.2,6.5,13.5,0.0
22.04.2021,20.8,7.9,13.8,0.0
23.04.2021,24.3,6.8,15.7,0.0
24.04.2021,23.5,9.5,16.6,0.0
25.04.2021,22.5,11.8,16.7,0.3
26.04.2021,18.0,10.4,13.7,0.9
27.04.2021,22.0,6.4,14.2,0.0
28.04.2021,28.5,11.0,19.9,0.0
29.04.2021,27.8,15.9,21.5,0.0
30.04.2021,26.7,14.2,20.8,0.1
01.05.2021,28.2,12.1,20.8,0.0
02.05.2021,30.6,13.6,22.5,0.0
03.05.2021,32.3,17.2,25.0,0.0
04.05.2021,25.9,15.9,21.1,0.1
05.05.2021,25.9,12.0,18.9,0.0
06.05.2021,23.8,12.4,17.7,1.1
07.05.2021,24.4,10.1,17.9,0.0
08.05.2021,29.4,13.0,21.9,0.2
09.05.2021,21.2,11.3,16.8,0.0
10.05.2021,18.2,6.7,12.0,0.0
11.05.2021,23.0,7.0,15.0,0.0
12.05.2021,28.7,9.7,19.8,0.0
13.05.2021,29.8,12.0,20.9,0.0
14.05.2021,30.1,11.9,21.2,0.0
15.05.2021,30.2,12.6,21.7,0.0
16.05.2021,26.3,13.6,19.7,0.4
17.05.2021,25.2,12.1,18.7,0.0
18.05.2021,29.7,11.7,21.1,0.0
19.05.2021,26.7,13.5,20.3,0.0
20.05.2021,32.4,13.8,23.2,0.0
21.05.2021,28.3,15.2,21.1,0.0
22.05.2021,19.7,10.9,14.9,0.3
23.05.2021,22.4,9.1,16.2,0.0
24.05.2021,25.1,12.0,18.7,0.0
25.05.2021,27.7,13.5,20.9,0.0
26.05.2021,31.0,15.0,23.5,0.0
27.05.2021,30.2,17.9,23.7,0.2
28.05.2021,30.7,13.8,22.3,0.3
29.05.2021,25.0,14.8,19.8,0.5
30.05.2021,28.3,11.5,19.8,0.0
31.05.2021,28.0,14.2,20.5,0.2
01.06.2021,23.5,11.3,16.4,5.7
02.06.2021,21.1,9.2,15.4,0.9
03.06.2021,22.5,7.4,15.3,0.0
04.06.2021,20.4,9.4,15.5,0.0
05.06.2021,20.2,9.9,15.5,0.0
06.06.2021,23.3,10.5,17.0,0.0
07.06.2021,28.0,11.2,20.1,0.0
08.06.2021,27.0,14.5,20.9,0.7
09.06.2021,27.1,12.9,20.0,0.6
10.06.2021,24.1,13.3,18.3,1.4
11.06.2021,24.1,11.9,17.9,0.7
12.06.2021,23.8,11.0,17.9,1.2
13.06.2021,25.5,11.7,19.8,0.1
14.06.2021,24.4,15.4,19.4,1.0
15.06.2021,24.2,11.6,17.7,0.2
16.06.2021,20.6,11.3,15.7,2.3
17.06.2021,27.2,10.0,18.2,0.0
18.06.2021,26.0,12.4,19.6,0.0
19.06.2021,28.3,14.7,22.1,0.0
20.06.2021,30.4,16.2,23.8,0.0
21.06.2021,26.4,15.5,21.1,1.8
22.06.2021,25.4,15.4,19.6,6.9
23.06.2021,26.3,13.3,20.5,0.2
24.06.2021,26.5,17.3,21.7,0.4
25.06.2021,27.9,17.8,23.0,0.0
26.06.2021,27.6,15.9,22.3,0.1
27.06.2021,29.7,18.8,23.9,0.0
28.06.2021,29.1,19.7,24.5,0.0
29.06.2021,29.9,19.1,24.4,0.0
30.06.2021,31.2,18.6,24.9,0.0
01.07.2021,33.6,18.8,26.9,0.0
02.07.2021,36.2,18.3,28.4,0.0
03.07.2021,33.4,19.1,25.1,0.2
04.07.2021,27.5,15.9,21.7,0.1
05.07.2021,27.4,14.7,21.6,0.0
06.07.2021,28.6,17.5,23.1,0.0
07.07.2021,28.7,15.7,22.9,0.0
08.07.2021,28.7,18.3,24.3,1.0
09.07.2021,29.7,19.2,24.7,0.1
10.07.2021,28.2,18.7,23.9,0.0
11.07.2021,30.2,18.0,24.3,0.0
12.07.2021,32.1,18.2,25.9,0.0
13.07.2021,32.6,20.1,27.2,0.0
14.07.2021,32.7,20.3,26.5,0.0
15.07.2021,30.5,19.2,25.1,0.0
16.07.2021,31.8,18.5,25.3,0.0
17.07.2021,35.1,20.4,28.0,0.0
18.07.2021,37.0,22.2,30.1,0.0
19.07.2021,36.4,19.6,28.9,0.0
20.07.2021,35.4,20.0,28.6,0.0
21.07.2021,34.6,22.6,29.1,0.0
22.07.2021,31.5,21.3,26.2,0.0
23.07.2021,28.4,17.6,23.1,0.0
24.07.2021,28.4,17.7,23.0,0.0
25.07.2021,28.1,16.7,22.8,0.0
26.07.2021,30.2,18.5,24.6,0.0
27.07.2021,29.9,17.7,24.1,0.0
28.07.2021,29.5,18.4,24.2,0.0
29.07.2021,28.4,16.4,22.6,0.0
30.07.2021,30.8,17.2,24.5,0.0
31.07.2021,30.8,19.1,25.3,0.0
01.08.2021,32.3,20.3,26.3,0.0
02.08.2021,31.4,19.5,25.6,0.0
03.08.2021,33.3,20.5,26.8,0.0
04.08.2021,34.2,21.8,28.0,0.0
05.08.2021,34.4,22.0,28.4,0.0
06.08.2021,36.2,20.6,29.0,0.0
07.08.2021,32.1,19.6,25.3,0.9
08.08.2021,26.6,17.2,21.9,2.3
09.08.2021,26.8,18.1,22.6,1.4
10.08.2021,28.5,18.0,23.1,0.0
11.08.2021,28.6,17.1,22.6,0.1
12.08.2021,28.0,16.5,22.4,0.0
13.08.2021,27.6,17.9,22.5,0.0
14.08.2021,26.6,17.7,21.8,0.0
15.08.2021,26.5,15.0,20.5,0.0
16.08.2021,27.7,14.3,21.2,0.0
17.08.2021,30.3,15.4,23.1,0.0
18.08.2021,31.8,16.9,25.0,0.0
19.08.2021,32.2,19.3,25.8,0.0
20.08.2021,30.2,18.2,24.4,0.0
21.08.2021,30.6,18.1,24.6,0.0
22.08.2021,31.0,19.0,24.7,0.0
23.08.2021,29.8,18.3,24.0,0.0
24.08.2021,29.4,17.0,23.4,0.0
25.08.2021,31.8,16.6,24.6,0.0
26.08.2021,33.6,18.5,26.5,0.0
27.08.2021,34.6,19.1,27.2,0.0
28.08.2021,35.3,21.0,28.5,0.0
29.08.2021,34.4,19.7,27.2,0.0
30.08.2021,32.8,19.7,26.6,0.0
31.08.2021,32.4,21.7,26.7,0.0
01.09.2021,31.9,20.7,26.2,0.0
02.09.2021,27.0,18.1,22.2,0.0
03.09.2021,23.7,14.2,18.8,0.0
04.09.2021,24.8,13.1,18.8,0.0
05.09.2021,26.7,13.7,20.1,0.0
06.09.2021,25.0,15.1,19.8,0.0
07.09.2021,24.0,13.1,18.2,0.0
08.09.2021,26.5,13.3,19.8,0.0
09.09.2021,28.9,14.7,22.0,0.0
10.09.2021,27.4,16.1,21.6,0.0
11.09.2021,23.6,14.7,19.2,0.0
12.09.2021,25.9,12.3,19.6,0.0
13.09.2021,27.0,15.7,21.5,0.0
14.09.2021,25.9,15.8,20.7,0.3
15.09.2021,21.9,14.2,17.1,8.1
16.09.2021,19.3,12.9,15.2,1.4
17.09.2021,20.0,11.4,15.4,0.1
18.09.2021,25.0,8.0,16.6,0.0
19.09.2021,27.5,13.4,20.2,0.0
20.09.2021,28.2,13.6,21.0,0.0
21.09.2021,29.6,14.2,21.6,0.0
22.09.2021,20.3,13.3,17.1,0.6
23.09.2021,16.6,8.9,11.9,6.5
24.09.2021,16.0,6.5,11.2,0.0
25.09.2021,21.4,5.9,13.6,0.0
26.09.2021,22.1,9.1,15.1,0.0
27.09.2021,23.9,10.1,16.5,0.0
28.09.2021,23.8,10.0,16.9,0.0
29.09.2021,22.7,11.5,16.9,0.8
30.09.2021,19.1,12.0,15.3,0.0
01.10.2021,18.5,8.3,13.2,0.0
02.10.2021,20.0,7.8,13.6,0.0
03.10.2021,19.6,9.3,13.9,0.0
04.10.2021,19.2,7.5,13.1,0.0
05.10.2021,18.7,7.3,12.6,0.0
06.10.2021,16.5,6.1,11.2,0.0
07.10.2021,18.8,5.8,12.1,0.0
08.10.2021,21.4,6.3,13.7,0.0
09.10.2021,25.6,8.6,16.8,0.0
10.10.2021,25.1,11.7,17.6,0.0
11.10.2021,25.5,10.9,17.9,0.0
12.10.2021,24.9,11.2,17.9,0.0
13.10.2021,23.3,10.6,16.3,0.0
14.10.2021,21.2,9.2,14.9,0.0
15.10.2021,23.7,9.8,16.3,0.0
16.10.2021,21.9,11.0,16.4,0.2
17.10.2021,20.9,9.1,13.8,0.0
18.10.2021,16.7,6.6,11.8,0.0
19.10.2021,16.9,8.0,12.5,0.0
20.10.2021,16.1,7.2,11.1,0.0
21.10.2021,16.6,3.8,10.2,0.0
22.10.2021,20.0,4.6,11.8,0.0
23.10.2021,20.8,4.8,12.4,0.0
24.10.2021,20.7,6.2,13.0,0.0
25.10.2021,12.6,6.6,9.4,0.0
26.10.2021,12.8,2.3,7.2,0.0
27.10.2021,16.3,3.7,9.9,0.0
28.10.2021,16.7,4.5,10.7,0.0
29.10.2021,15.0,4.6,9.5,0.0
30.10.2021,15.0,3.2,9.0,0.0
31.10.2021,18.5,6.3,12.2,0.0
01.11.2021,18.3,9.5,12.4,2.0
02.11.2021,19.2,8.6,12.9,9.5
03.11.2021,19.7,8.2,13.0,0.4
04.11.2021,19.1,7.0,12.5,0.0
05.11.2021,18.0,6.2,11.3,0.0
06.11.2021,18.9,5.5,10.9,0.0
07.11.2021,18.7,6.3,11.8,0.0
08.11.2021,19.2,8.0,13.1,0.0
09.11.2021,21.0,5.9,12.3,0.0
10.11.2021,11.0,4.2,8.1,1.2
11.11.2021,7.9,-0.4,3.4,0.0
12.11.2021,8.6,-3.2,2.0,0.0
13.11.2021,12.4,-1.2,5.3,0.0
14.11.2021,14.3,4.1,8.0,0.0
15.11.2021,15.0,2.5,7.9,0.0
16.11.2021,12.0,0.6,5.8,0.0
17.11.2021,13.8,0.8,6.6,0.0
18.11.2021,15.6,2.4,8.2,0.0
19.11.2021,12.3,3.4,7.5,0.0
20.11.2021,9.2,4.0,6.2,0.2
21.11.2021,9.6,0.9,4.8,0.0
22.11.2021,15.5,1.3,7.5,0.0
23.11.2021,16.4,3.1,8.8,0.1
24.11.2021,12.7,6.8,9.4,8.9
25.11.2021,8.2,4.5,6.3,0.1
26.11.2021,13.9,1.3,6.5,0.0
27.11.2021,15.7,7.7,10.6,0.1
28.11.2021,17.9,7.6,11.7,2.1
29.11.2021,19.6,6.8,13.0,0.0
30.11.2021,18.4,9.7,14.6,0.0
01.12.2021,9.4,0.4,5.3,0.0
02.12.2021,8.8,-2.3,2.3,0.0
03.12.2021,13.9,-1.5,5.2,0.0
04.12.2021,11.7,2.3,6.7,1.8
05.12.2021,13.3,3.3,8.1,0.1
06.12.2021,16.3,2.3,7.6,0.0
07.12.2021,13.8,4.2,8.9,11.1
08.12.2021,9.6,2.1,5.8,3.7
09.12.2021,11.2,-1.5,3.9,0.0
10.12.2021,13.9,0.4,5.6,0.0
11.12.2021,13.6,2.7,7.1,0.0
12.12.2021,15.1,2.4,7.1,0.0
13.12.2021,17.5,3.3,9.0,0.0
14.12.2021,9.6,3.7,7.0,25.5
15.12.2021,8.5,2.6,4.9,9.6
16.12.2021,4.0,1.6,2.6,4.1
17.12.2021,2.5,0.3,1.6,8.5
18.12.2021,3.0,-0.9,0.9,0.5
19.12.2021,1.7,-3.0,-0.1,17.3
20.12.2021,0.5,-4.8,-2.1,0.0
21.12.2021,-0.2,-10.6,-3.8,0.6
22.12.2021,-4.8,-13.5,-9.1,0.0
23.12.2021,-6.7,-16.0,-11.9,0.0
24.12.2021,-6.1,-16.9,-12.0,0.0
25.12.2021,0.9,-9.5,-4.4,0.0
26.12.2021,1.5,-6.7,-2.9,0.0
27.12.2021,4.9,-5.3,-0.5,0.0
28.12.2021,5.7,-1.9,2.2,0.0
29.12.2021,4.4,-3.9,0.2,0.0
30.12.2021,8.2,-0.5,3.4,0.1
31.12.2021,9.1,0.1,4.0,0.0
01.01.2022,10.2,-0.7,3.1,0.0
02.01.2022,8.4,2.2,4.8,1.5
03.01.2022,7.8,-4.4,0.9,0.0
04.01.2022,11.3,-0.6,4.9,0.0
05.01.2022,12.5,-0.0,5.2,0.0
06.01.2022,13.0,2.8,6.1,0.0
07.01.2022,12.3,2.1,5.7,0.0
08.01.2022,10.8,-0.5,4.5,0.0
09.01.2022,11.0,1.6,5.6,0.9
10.01.2022,9.1,1.6,4.8,3.2
11.01.2022,8.8,2.6,5.1,2.4
12.01.2022,6.3,1.7,3.6,16.5
13.01.2022,2.2,-2.3,-0.4,1.8
14.01.2022,0.3,-6.5,-3.9,0.0
15.01.2022,3.7,-7.1,-2.7,0.0
16.01.2022,0.1,-5.5,-3.5,0.0
17.01.2022,2.7,-9.6,-3.8,0.0
18.01.2022,6.3,-5.2,-0.1,1.4
19.01.2022,-2.2,-7.0,-5.1,0.6
20.01.2022,0.4,-10.2,-5.4,0.0
21.01.2022,6.8,-8.1,-1.6,0.0
22.01.2022,7.1,-0.6,1.9,6.6
23.01.2022,-0.7,-8.3,-5.0,22.2
24.01.2022,-6.0,-10.6,-8.5,0.9
25.01.2022,-6.6,-11.5,-8.6,11.8
26.01.2022,-6.1,-9.1,-7.7,3.5
27.01.2022,-6.2,-12.3,-9.1,0.0
28.01.2022,-9.9,-17.2,-13.6,0.0
29.01.2022,-8.3,-13.7,-10.9,0.0
30.01.2022,-1.3,-8.6,-5.1,1.1
31.01.2022,0.6,-5.7,-1.1,8.6
01.02.2022,1.9,-7.5,-1.4,0.0
02.02.2022,4.9,-0.4,2.1,2.2
03.02.2022,4.9,-0.4,2.4,3.7
04.02.2022,0.8,-8.0,-0.9,1.5
05.02.2022,-1.5,-13.0,-7.7,0.0
06.02.2022,1.8,-6.5,-2.6,0.0
07.02.2022,5.5,-8.0,-0.7,0.0
08.02.2022,10.3,-0.2,4.5,5.9
09.02.2022,1.7,-1.5,0.9,25.1
10.02.2022,-0.2,-4.9,-2.4,1.6
11.02.2022,0.1,-7.7,-2.9,0.0
12.02.2022,1.9,-4.2,-1.1,0.0
13.02.2022,2.7,-6.9,-1.2,0.0
14.02.2022,4.0,-8.3,-1.5,0.0
15.02.2022,2.7,-6.5,-1.8,0.0
16.02.2022,3.9,-7.4,-2.4,0.0
17.02.2022,5.7,-5.3,-0.5,0.0
18.02.2022,10.4,-2.4,3.2,4.2
19.02.2022,4.6,-1.2,1.2,2.3
20.02.2022,9.2,-5.8,1.3,0.0
21.02.2022,14.2,3.6,7.6,5.4
22.02.2022,12.8,2.8,6.7,0.8
23.02.2022,13.8,2.3,7.2,0.1
24.02.2022,9.9,4.3,7.0,10.9
25.02.2022,8.4,-1.2,3.9,0.3
26.02.2022,7.7,-1.1,2.9,0.0
27.02.2022,12.7,-1.1,5.1,0.1
28.02.2022,11.5,1.5,6.1,0.2
01.03.2022,6.0,1.2,3.7,13.5
02.03.2022,3.8,1.8,2.7,18.8
03.03.2022,3.3,-3.0,0.1,17.6
04.03.2022,3.2,-6.1,-1.6,0.0
05.03.2022,9.7,-6.4,1.7,0.1
06.03.2022,8.7,0.1,3.8,0.0
07.03.2022,12.4,-1.0,5.3,0.4
08.03.2022,8.6,-0.7,3.6,0.5
09.03.2022,4.7,1.0,3.0,1.9
10.03.2022,1.1,-2.4,-0.8,10.1
11.03.2022,-2.7,-6.2,-4.2,5.9
12.03.2022,-5.1,-12.3,-8.2,0.1
13.03.2022,-3.6,-9.2,-7.0,0.5
14.03.2022,-2.1,-10.7,-6.5,0.0
15.03.2022,-0.2,-6.6,-4.0,0.0
16.03.2022,4.3,-8.5,-1.8,0.0
17.03.2022,6.2,-3.1,1.3,0.0
18.03.2022,0.5,-5.0,-1.9,0.0
19.03.2022,-1.2,-8.4,-4.9,0.1
20.03.2022,1.7,-7.2,-2.7,1.4
21.03.2022,3.2,-3.4,-0.8,0.4
22.03.2022,2.4,-4.1,-1.3,0.0
23.03.2022,4.6,-3.5,0.3,0.0
24.03.2022,5.2,-2.9,0.6,0.5
25.03.2022,9.8,-3.5,2.8,0.0
26.03.2022,7.0,-2.5,2.6,1.1
27.03.2022,11.0,-3.8,2.7,0.0
28.03.2022,14.5,-1.1,6.8,0.0
29.03.2022,13.1,3.2,7.8,2.3
30.03.2022,15.4,-0.2,7.1,0.3
31.03.2022,19.1,2.5,10.6,0.0
01.04.2022,24.2,6.1,13.8,0.0
02.04.2022,22.9,7.9,15.1,0.0
03.04.2022,20.2,5.0,13.2,0.0
04.04.2022,20.2,6.3,13.5,0.0
05.04.2022,22.8,9.4,15.9,0.0
06.04.2022,22.0,7.6,14.5,0.0
07.04.2022,19.8,5.5,13.1,0.9
08.04.2022,18.2,8.1,13.1,2.6
09.04.2022,23.4,4.4,13.2,0.0
10.04.2022,21.8,8.6,14.8,0.5
11.04.2022,16.8,4.3,9.6,4.2
12.04.2022,9.7,1.2,5.1,0.0
13.04.2022,11.4,-0.9,5.0,0.0
14.04.2022,13.6,-1.7,5.9,0.0
15.04.2022,18.1,2.0,9.8,0.0
16.04.2022,21.8,4.8,13.7,0.0
17.04.2022,23.4,9.2,16.3,0.1
18.04.2022,24.7,11.4,18.4,0.0
19.04.2022,18.9,7.0,12.2,0.0
20.04.2022,17.6,4.7,10.7,0.0
21.04.2022,21.0,4.4,12.6,0.0
22.04.2022,22.7,5.4,14.5,0.0
23.04.2022,27.1,9.0,18.3,0.0
24.04.2022,28.4,10.8,19.7,0.0
25.04.2022,29.3,9.9,19.7,0.0
26.04.2022,27.1,10.2,18.7,0.0
27.04.2022,25.8,10.9,18.7,0.0
28.04.2022,26.3,11.3,18.4,0.1
29.04.2022,26.6,11.9,19.8,0.0
30.04.2022,22.7,13.8,18.0,0.0
01.05.2022,18.9,10.2,14.1,0.9
02.05.2022,20.4,7.7,13.6,0.8
03.05.2022,22.2,11.2,16.2,0.9
04.05.2022,21.0,9.4,13.2,8.6
05.05.2022,12.6,7.2,9.7,0.4
06.05.2022,14.3,5.3,9.4,1.5
07.05.2022,13.3,6.0,9.6,0.2
08.05.2022,17.0,4.8,11.1,0.0
09.05.2022,18.2,5.9,12.4,0.0
10.05.2022,19.4,7.4,13.2,0.0
11.05.2022,20.8,7.6,13.8,3.5
12.05.2022,20.1,6.6,13.9,0.0
13.05.2022,22.9,7.9,16.2,0.0
14.05.2022,25.3,10.6,17.9,0.0
15.05.2022,20.2,9.7,14.6,14.1
16.05.2022,22.1,8.9,16.1,0.0
17.05.2022,20.7,9.3,15.0,2.4
18.05.2022,26.0,9.3,17.9,0.0
19.05.2022,16.5,9.3,12.3,1.7
20.05.2022,17.1,7.0,11.6,0.0
21.05.2022,22.3,6.6,14.6,0.0
22.05.2022,24.4,9.1,17.3,0.0
23.05.2022,21.6,12.9,17.4,0.2
24.05.2022,22.3,8.5,16.1,0.0
25.05.2022,24.3,9.9,17.8,0.1
26.05.2022,27.7,12.1,20.8,0.0
27.05.2022,28.0,17.1,21.4,1.9
28.05.2022,27.8,13.7,21.3,0.0
29.05.2022,30.0,14.1,23.0,0.0
30.05.2022,32.2,14.5,23.8,0.0
31.05.2022,31.4,14.7,23.8,0.0
01.06.2022,30.0,15.8,23.8,0.0
02.06.2022,31.1,18.1,24.1,0.0
03.06.2022,32.2,17.2,25.0,0.0
04.06.2022,31.0,15.2,23.4,0.2
05.06.2022,30.0,17.2,22.5,0.9
06.06.2022,26.8,15.7,21.6,1.8
07.06.2022,26.2,14.8,19.8,5.4
08.06.2022,27.4,13.1,19.5,0.3
09.06.2022,27.4,13.9,20.8,0.2
10.06.2022,28.7,15.8,22.2,0.0
11.06.2022,31.8,16.1,23.2,0.7
12.06.2022,23.7,16.0,19.1,3.1
13.06.2022,23.6,13.4,18.5,1.1
14.06.2022,22.3,13.1,17.5,11.0
15.06.2022,24.1,13.6,18.9,0.2
16.06.2022,25.0,15.4,20.5,0.0
17.06.2022,26.5,15.2,21.3,0.0
18.06.2022,28.4,16.7,22.7,0.0
19.06.2022,28.6,16.4,22.8,0.0
20.06.2022,30.4,16.5,23.9,0.0
21.06.2022,24.4,15.7,20.3,1.4
22.06.2022,28.4,15.0,21.4,0.1
23.06.2022,27.6,15.1,21.5,0.0
24.06.2022,23.9,15.4,19.3,6.9
25.06.2022,24.0,12.8,18.5,0.0
26.06.2022,23.7,12.7,18.3,0.0
27.06.2022,24.5,12.7,18.9,0.0
28.06.2022,23.0,15.1,19.5,0.2
29.06.2022,23.5,15.3,18.9,1.8
30.06.2022,26.6,16.0,21.0,1.4
01.07.2022,24.9,15.7,20.2,0.1
02.07.2022,26.6,15.9,21.2,0.0
03.07.2022,26.6,14.5,20.6,0.0
04.07.2022,27.2,13.1,20.3,0.0
05.07.2022,28.4,14.5,21.8,0.0
06.07.2022,30.0,15.0,22.8,0.0
07.07.2022,31.4,17.4,24.7,0.0
08.07.2022,31.6,18.0,25.7,0.0
09.07.2022,33.1,18.5,26.2,0.0
10.07.2022,30.0,17.3,22.8,0.2
11.07.2022,27.6,15.4,21.7,0.0
12.07.2022,29.8,17.0,23.2,0.0
13.07.2022,30.4,17.5,23.9,0.0
14.07.2022,28.3,17.4,22.7,0.0
15.07.2022,27.3,15.0,21.5,0.0
16.07.2022,28.9,15.9,22.8,0.0
17.07.2022,28.2,17.5,23.0,0.0
18.07.2022,27.1,17.9,22.5,0.0
19.07.2022,26.7,16.7,21.5,0.4
20.07.2022,26.9,14.6,21.1,0.0
21.07.2022,26.7,15.6,21.2,0.0
22.07.2022,29.2,16.6,22.9,0.0
23.07.2022,29.2,17.8,23.5,0.0
24.07.2022,27.7,17.1,22.2,0.0
25.07.2022,28.2,16.0,22.1,0.0
26.07.2022,29.4,16.9,23.4,0.0
27.07.2022,31.5,17.3,24.6,0.0
28.07.2022,33.9,18.5,26.7,0.0
29.07.2022,34.5,19.7,27.6,0.0
30.07.2022,34.8,21.6,28.3,0.0
31.07.2022,35.1,20.7,28.0,0.0
01.08.2022,34.1,20.1,27.8,0.0
02.08.2022,33.5,20.7,27.6,0.0
03.08.2022,33.4,20.9,27.5,0.0
04.08.2022,35.3,22.2,28.9,0.0
05.08.2022,35.4,23.1,29.2,0.0
06.08.2022,35.6,22.9,29.3,0.0
07.08.2022,31.2,21.7,26.5,0.0
08.08.2022,31.4,21.1,26.3,0.0
09.08.2022,32.1,21.0,26.5,0.0
10.08.2022,32.5,19.7,26.0,0.0
11.08.2022,29.7,18.7,24.4,0.0
12.08.2022,30.6,18.5,25.0,0.0
13.08.2022,32.6,19.9,26.5,0.0
14.08.2022,33.1,18.5,26.4,0.0
15.08.2022,33.4,18.6,26.2,0.0
16.08.2022,30.8,18.5,24.9,0.0
17.08.2022,32.9,19.3,26.0,0.0
18.08.2022,31.4,20.5,26.5,0.0
19.08.2022,31.7,20.5,26.2,0.0
20.08.2022,31.1,18.8,25.2,0.0
21.08.2022,32.9,19.6,26.6,0.0
22.08.2022,34.0,20.8,27.5,0.0
23.08.2022,34.4,19.7,27.6,0.0
24.08.2022,34.0,19.2,27.0,0.0
25.08.2022,31.9,16.7,24.2,0.0
26.08.2022,30.4,16.9,24.0,0.0
27.08.2022,30.3,16.7,23.7,0.0
28.08.2022,32.2,18.3,25.6,0.0
29.08.2022,34.1,20.7,27.2,0.0
30.08.2022,35.5,17.2,26.7,0.0
31.08.2022,34.9,15.8,25.4,0.0
01.09.2022,33.1,16.5,24.9,0.0
02.09.2022,32.9,17.2,25.3,0.0
03.09.2022,33.3,16.1,25.3,0.0
04.09.2022,30.4,18.4,24.6,0.0
05.09.2022,29.2,18.2,23.2,0.1
06.09.2022,25.2,15.7,19.9,0.0
07.09.2022,22.2,12.2,17.0,0.0
08.09.2022,24.2,12.5,17.9,0.0
09.09.2022,26.9,13.0,19.9,0.0
10.09.2022,29.6,15.2,22.1,0.0
11.09.2022,33.3,16.0,24.4,0.0
12.09.2022,33.0,16.5,24.1,0.0
13.09.2022,24.3,15.5,19.7,0.3
14.09.2022,24.0,12.4,18.1,0.0
15.09.2022,27.7,12.4,20.2,0.0
16.09.2022,30.7,15.1,22.9,0.0
17.09.2022,33.5,16.9,25.2,0.0
18.09.2022,34.0,17.0,25.3,0.0
19.09.2022,27.0,16.9,21.9,0.0
20.09.2022,27.4,15.7,21.7,0.0
21.09.2022,24.3,13.6,18.6,0.0
22.09.2022,23.8,11.3,16.6,0.0
23.09.2022,18.9,9.4,13.8,0.0
24.09.2022,19.8,11.2,14.8,1.0
25.09.2022,22.2,9.2,15.6,0.0
26.09.2022,26.4,9.5,18.7,0.0
27.09.2022,29.2,11.9,20.5,0.0
28.09.2022,28.8,14.9,21.1,0.0
29.09.2022,27.9,13.1,20.9,0.0
30.09.2022,30.3,15.6,22.3,0.1
01.10.2022,30.1,16.6,22.6,0.0
02.10.2022,32.0,15.3,23.5,0.0
03.10.2022,21.9,12.5,17.3,0.0
04.10.2022,22.5,11.7,17.4,0.0
05.10.2022,21.0,10.5,16.2,0.0
06.10.2022,20.1,10.7,14.7,0.0
07.10.2022,16.3,10.3,12.3,1.6
08.10.2022,19.6,7.6,13.0,2.8
09.10.2022,18.8,9.9,13.5,0.3
10.10.2022,18.7,8.8,13.3,0.1
11.10.2022,20.7,8.8,14.6,0.0
12.10.2022,21.6,9.6,15.4,0.0
13.10.2022,21.4,9.2,15.0,0.0
14.10.2022,21.9,9.1,15.4,0.0
15.10.2022,20.8,10.2,15.0,0.0
16.10.2022,18.4,10.4,12.9,5.1
17.10.2022,17.2,10.8,13.9,3.7
18.10.2022,17.3,11.2,13.7,1.4
19.10.2022,19.3,9.1,14.0,0.0
20.10.2022,19.4,8.5,13.7,1.8
21.10.2022,14.8,7.5,10.7,0.0
22.10.2022,12.1,3.3,7.1,0.0
23.10.2022,16.5,1.6,8.5,0.0
24.10.2022,18.1,6.5,11.4,0.0
25.10.2022,17.6,7.2,11.5,0.0
26.10.2022,18.7,5.5,11.6,0.0
27.10.2022,19.0,6.5,12.0,0.0
28.10.2022,16.4,7.5,11.4,0.0
29.10.2022,14.8,4.5,8.9,0.0
30.10.2022,16.4,3.9,9.7,0.0
31.10.2022,18.2,4.4,11.0,0.0
01.11.2022,17.2,5.1,10.8,0.0
02.11.2022,16.6,3.8,9.7,0.0
03.11.2022,18.7,4.1,10.8,0.0
04.11.2022,19.5,5.3,11.6,0.0
05.11.2022,20.1,5.3,12.6,0.0
06.11.2022,18.6,6.7,12.8,0.0
07.11.2022,16.8,5.7,10.5,0.1
08.11.2022,14.9,7.0,10.4,0.1
09.11.2022,13.5,4.0,8.6,0.0
10.11.2022,13.6,3.4,8.2,0.0
11.11.2022,13.8,2.3,7.9,0.0
12.11.2022,15.0,2.5,7.9,0.0
13.11.2022,14.3,2.9,8.1,0.0
14.11.2022,12.9,0.3,6.3,0.0
15.11.2022,12.8,2.2,6.6,0.0
16.11.2022,15.8,0.9,7.4,0.0
17.11.2022,16.6,2.8,8.9,0.0
18.11.2022,16.4,7.4,11.5,0.0
19.11.2022,20.0,7.3,12.6,0.1
20.11.2022,20.0,7.2,12.3,0.0
21.11.2022,19.1,8.9,12.9,0.0
22.11.2022,16.8,6.5,11.2,1.1
23.11.2022,17.3,3.5,10.0,0.0
24.11.2022,12.3,6.2,9.4,6.3
25.11.2022,11.0,2.8,6.6,3.0
26.11.2022,8.3,0.5,4.7,0.2
27.11.2022,9.5,-0.0,4.3,0.0
28.11.2022,10.2,-1.1,4.0,0.0
29.11.2022,13.0,2.3,6.9,0.2
30.11.2022,14.8,3.7,8.4,0.0
01.12.2022,15.5,5.8,9.8,0.0
02.12.2022,15.1,2.9,8.4,0.1
03.12.2022,12.7,3.0,6.8,0.0
04.12.2022,11.0,2.0,5.9,0.0
05.12.2022,10.4,0.6,4.7,0.0
06.12.2022,9.4,-0.2,4.1,0.0
07.12.2022,11.1,-0.1,5.4,0.0
08.12.2022,13.1,1.2,6.2,0.0
09.12.2022,14.5,1.2,6.1,0.0
10.12.2022,14.7,2.1,7.0,0.0
11.12.2022,13.8,4.3,8.6,1.0
12.12.2022,14.0,4.1,8.3,3.6
13.12.2022,15.4,6.3,9.6,0.0
14.12.2022,10.4,7.3,8.4,13.4
15.12.2022,16.2,5.7,9.4,0.0
16.12.2022,15.1,4.1,8.7,0.0
17.12.2022,15.3,4.6,8.6,0.0
18.12.2022,14.2,3.7,8.0,0.0
19.12.2022,10.4,3.5,6.6,0.0
20.12.2022,5.6,-1.9,2.2,0.4
21.12.2022,4.5,-4.3,-1.2,0.0
22.12.2022,5.6,-4.2,-0.9,0.0
23.12.2022,5.7,-3.6,-0.3,0.0
24.12.2022,6.3,-3.0,0.6,0.0
25.12.2022,6.2,-2.5,1.4,0.4
26.12.2022,6.3,-0.6,3.0,0.0
27.12.2022,8.5,-2.9,1.5,0.0
28.12.2022,9.0,-1.7,2.4,0.0
29.12.2022,9.1,-0.5,3.1,0.0
30.12.2022,8.5,-1.1,2.8,0.0
31.12.2022,8.1,-2.0,2.2,0.0
01.01.2023,6.0,-1.8,1.6,0.0
02.01.2023,5.5,-3.1,0.4,0.0
03.01.2023,5.9,-3.1,0.5,0.0
04.01.2023,6.4,-2.5,1.2,0.0
05.01.2023,6.8,-2.7,0.9,0.0
06.01.2023,8.9,-4.0,2.1,0.3
07.01.2023,5.7,-2.7,0.6,0.0
08.01.2023,4.6,-4.6,-1.6,0.0
09.01.2023,4.6,-4.8,-1.8,0.0
10.01.2023,10.3,-4.0,1.9,0.0
11.01.2023,8.4,-0.4,4.4,0.1
12.01.2023,9.1,0.7,4.5,0.6
13.01.2023,8.1,-0.6,3.6,0.0
14.01.2023,7.4,-1.5,2.3,0.0
15.01.2023,8.1,-2.1,2.7,0.0
16.01.2023,8.7,-1.0,3.0,0.0
17.01.2023,11.9,-1.0,4.2,0.1
18.01.2023,13.2,1.4,5.6,0.0
19.01.2023,12.6,-0.5,5.7,0.0
20.01.2023,14.1,0.9,6.5,0.0
21.01.2023,11.5,-0.1,4.6,0.0
22.01.2023,11.2,-0.5,4.6,0.0
23.01.2023,10.3,-1.0,3.9,0.0
24.01.2023,10.1,-1.0,3.6,0.0
25.01.2023,7.8,-2.2,2.1,0.0
26.01.2023,7.8,-3.0,1.8,0.0
27.01.2023,12.8,-0.7,6.3,0.6
28.01.2023,10.4,1.3,4.9,5.2
29.01.2023,7.7,-1.3,2.5,1.9
30.01.2023,3.9,-1.1,0.8,0.2
31.01.2023,3.1,-3.6,-0.1,1.9
01.02.2023,1.5,-5.2,-1.9,0.0
02.02.2023,3.6,-5.9,-1.8,0.0
03.02.2023,7.7,-5.1,-0.1,0.0
04.02.2023,3.2,-4.1,-1.3,1.4
05.02.2023,2.9,-4.2,-0.9,11.3
06.02.2023,0.7,-1.8,-0.8,14.4
07.02.2023,-1.6,-5.8,-3.6,1.2
08.02.2023,-4.6,-11.0,-7.7,0.0
09.02.2023,-4.4,-14.1,-9.4,0.0
10.02.2023,-5.8,-14.5,-9.1,0.0
11.02.2023,-5.5,-11.9,-8.5,0.0
12.02.2023,-7.8,-16.3,-11.4,0.0
13.02.2023,-4.5,-13.0,-9.1,0.0
14.02.2023,-3.0,-12.2,-7.8,0.0
15.02.2023,-0.3,-11.1,-5.7,0.0
16.02.2023,0.2,-11.7,-6.5,0.0
17.02.2023,4.1,-12.1,-3.8,0.0
18.02.2023,9.7,-6.2,0.9,0.0
19.02.2023,14.1,-2.7,4.5,0.0
20.02.2023,12.4,-1.3,4.5,0.0
21.02.2023,11.8,-4.9,3.2,0.0
22.02.2023,14.3,-1.7,5.2,0.0
23.02.2023,13.7,-1.4,5.3,0.0
24.02.2023,14.7,0.1,6.5,0.0
25.02.2023,15.3,-1.6,6.3,0.0
26.02.2023,15.8,0.3,7.1,0.0
27.02.2023,19.6,2.2,9.5,0.0
28.02.2023,19.3,2.9,10.7,0.0
01.03.2023,21.4,5.1,12.8,0.1
02.03.2023,20.2,3.9,11.9,0.2
03.03.2023,19.8,6.5,12.7,1.1
04.03.2023,19.0,4.3,11.5,0.1
05.03.2023,19.8,5.3,11.3,0.2
06.03.2023,12.5,1.7,7.0,4.5
07.03.2023,13.4,0.9,6.8,0.0
08.03.2023,14.3,1.3,7.7,0.4
09.03.2023,17.1,1.1,9.0,0.0
10.03.2023,18.6,4.2,10.5,0.0
11.03.2023,17.8,6.5,11.5,0.0
12.03.2023,12.2,7.0,9.6,9.3
13.03.2023,7.3,2.5,5.0,19.5
14.03.2023,9.8,1.4,4.7,2.0
15.03.2023,13.2,-0.2,6.5,0.0
16.03.2023,13.9,-0.6,6.9,0.0
17.03.2023,9.0,2.1,5.4,13.8
18.03.2023,10.3,2.2,5.9,0.6
19.03.2023,6.6,4.3,5.5,10.0
20.03.2023,11.6,4.4,7.0,1.5
21.03.2023,14.4,0.2,7.5,0.0
22.03.2023,14.6,2.2,8.2,0.6
23.03.2023,16.2,3.4,9.3,1.5
24.03.2023,14.0,4.1,8.7,1.6
25.03.2023,15.8,2.8,9.2,0.0
26.03.2023,17.4,2.9,10.2,0.7
27.03.2023,19.7,3.3,10.7,0.0
28.03.2023,15.5,5.9,10.3,0.1
29.03.2023,6.9,-0.9,4.4,3.3
30.03.2023,4.5,-3.6,0.4,0.0
31.03.2023,9.0,-5.1,1.8,0.0
01.04.2023,18.3,-0.4,9.0,0.0
02.04.2023,17.5,7.0,11.3,2.9
03.04.2023,21.5,7.4,13.3,0.0
04.04.2023,21.5,7.1,13.0,0.0
05.04.2023,17.1,5.2,10.6,0.4
06.04.2023,16.1,3.2,9.5,2.4
07.04.2023,12.8,4.0,8.3,1.7
08.04.2023,14.8,0.6,8.0,0.0
09.04.2023,18.4,5.0,10.9,3.3
10.04.2023,17.1,6.4,10.9,0.6
11.04.2023,14.1,3.3,8.4,1.4
12.04.2023,11.3,1.6,6.4,2.2
13.04.2023,14.5,1.1,7.8,0.2
14.04.2023,20.1,2.6,10.9,0.0
15.04.2023,21.9,4.2,13.1,0.0
16.04.2023,22.9,7.0,14.5,0.0
17.04.2023,24.1,9.4,16.6,0.0
18.04.2023,23.2,9.7,16.4,0.3
19.04.2023,22.4,8.9,15.3,0.0
20.04.2023,17.7,6.2,11.2,1.5
21.04.2023,17.8,5.0,11.0,1.9
22.04.2023,18.2,3.6,11.2,0.1
23.04.2023,16.2,6.1,11.0,3.5
24.04.2023,18.7,4.6,11.6,0.0
25.04.2023,19.9,5.1,12.1,2.1
26.04.2023,19.8,6.2,12.6,0.1
27.04.2023,16.3,8.8,11.6,7.3
28.04.2023,12.4,5.8,8.6,4.1
29.04.2023,11.6,3.1,7.0,0.2
30.04.2023,13.2,0.5,7.5,0.1
01.05.2023,16.3,2.1,9.8,0.3
02.05.2023,18.9,4.5,12.1,0.0
03.05.2023,22.1,5.5,14.4,0.0
04.05.2023,23.0,10.3,17.1,0.0
05.05.2023,22.3,10.5,16.0,0.5
06.05.2023,20.9,8.4,14.3,0.8
07.05.2023,18.6,7.0,12.4,2.1
08.05.2023,18.9,8.3,13.7,0.0
09.05.2023,21.1,7.6,15.2,0.0
10.05.2023,22.1,8.9,16.0,0.2
11.05.2023,22.6,9.7,16.0,3.8
12.05.2023,18.6,11.0,14.4,5.5
13.05.2023,21.7,9.7,15.3,0.1
14.05.2023,23.6,9.9,16.2,0.0
15.05.2023,24.4,9.9,17.4,0.0
16.05.2023,27.2,11.5,19.8,0.0
17.05.2023,27.3,14.0,20.1,1.5
18.05.2023,24.5,10.8,17.6,0.0
19.05.2023,18.5,9.8,13.9,11.6
20.05.2023,19.7,10.1,14.1,1.8
21.05.2023,21.1,8.7,15.3,1.3
22.05.2023,20.1,10.0,14.8,3.4
23.05.2023,21.5,10.4,15.5,5.6
24.05.2023,20.5,7.3,14.5,4.7
25.05.2023,22.1,9.4,15.2,4.2
26.05.2023,21.5,11.3,16.3,4.6
27.05.2023,24.7,10.3,16.6,0.7
28.05.2023,17.8,10.8,14.1,8.3
29.05.2023,21.2,9.1,15.1,5.2
30.05.2023,20.1,10.4,15.4,5.9
31.05.2023,21.4,10.1,15.1,1.5
01.06.2023,23.6,10.5,16.7,0.6
02.06.2023,23.2,11.2,16.7,2.1
03.06.2023,24.4,12.2,18.4,1.4
04.06.2023,20.9,12.5,15.9,2.1
05.06.2023,20.6,12.0,15.7,5.3
06.06.2023,22.0,12.8,17.2,0.7
07.06.2023,24.6,12.4,18.7,0.0
08.06.2023,27.0,14.1,20.7,0.1
09.06.2023,25.8,15.1,20.5,0.6
10.06.2023,24.7,13.0,19.6,0.3
11.06.2023,22.9,14.9,19.0,5.9
12.06.2023,21.0,13.7,16.4,10.7
13.06.2023,22.4,12.2,17.2,4.8
14.06.2023,21.5,11.2,16.3,12.7
15.06.2023,25.1,12.4,18.8,0.0
16.06.2023,28.0,12.8,20.1,0.7
17.06.2023,26.9,16.3,21.1,0.0
18.06.2023,24.5,13.5,19.4,0.0
19.06.2023,23.0,13.5,18.6,2.2
20.06.2023,23.9,13.3,18.8,0.1
21.06.2023,22.3,13.3,18.1,0.2
22.06.2023,24.2,14.2,18.6,0.0
23.06.2023,24.3,14.0,19.0,0.0
24.06.2023,27.0,12.9,20.2,0.0
25.06.2023,31.2,15.5,23.0,0.0
26.06.2023,30.8,14.7,23.5,0.0
27.06.2023,28.7,15.9,23.0,0.0
28.06.2023,31.3,16.8,24.3,0.0
29.06.2023,30.7,16.0,23.7,0.0
30.06.2023,28.7,15.5,22.4,0.3
01.07.2023,28.6,13.9,22.3,0.0
02.07.2023,32.9,15.7,24.8,0.0
03.07.2023,34.8,16.7,26.3,0.0
04.07.2023,33.3,16.9,26.1,0.0
05.07.2023,33.4,19.8,27.4,0.0
06.07.2023,33.3,19.4,27.0,0.0
07.07.2023,31.2,19.8,26.4,0.8
08.07.2023,30.1,19.4,24.4,0.3
09.07.2023,26.1,15.5,20.6,0.6
10.07.2023,26.2,15.9,20.4,0.0
11.07.2023,25.5,14.2,20.2,0.0
12.07.2023,29.7,13.8,22.5,0.0
13.07.2023,31.5,16.8,24.9,0.0
14.07.2023,32.7,19.1,26.6,0.0
15.07.2023,34.3,20.7,27.7,0.0
16.07.2023,30.6,19.4,25.2,0.0
17.07.2023,29.7,17.0,23.5,0.0
18.07.2023,30.1,17.2,23.9,0.0
19.07.2023,29.8,17.0,23.9,0.0
20.07.2023,32.1,16.5,24.9,0.0
21.07.2023,34.0,17.5,26.8,0.0
22.07.2023,33.8,20.7,28.2,0.0
23.07.2023,34.3,21.4,28.3,0.0
24.07.2023,32.1,21.4,26.7,0.0
25.07.2023,29.8,18.4,24.4,0.0
26.07.2023,33.2,16.4,25.9,0.0
27.07.2023,38.6,18.4,29.2,0.0
28.07.2023,28.6,17.6,23.7,0.0
29.07.2023,30.4,16.4,24.1,0.0
30.07.2023,30.6,17.6,24.7,0.0
31.07.2023,31.6,16.2,24.9,0.0
01.08.2023,34.5,18.3,27.1,0.0
02.08.2023,34.9,18.1,27.3,0.0
03.08.2023,35.0,19.9,28.1,0.0
04.08.2023,34.8,20.1,28.2,0.0
05.08.2023,34.7,19.6,28.3,0.0
06.08.2023,38.5,20.6,30.0,0.0
07.08.2023,35.7,19.9,28.4,0.0
08.08.2023,37.2,20.6,29.5,0.0
09.08.2023,33.4,20.9,27.6,0.0
10.08.2023,36.8,20.9,28.8,0.0
11.08.2023,33.3,19.2,26.6,0.0
12.08.2023,33.7,19.4,26.9,0.0
13.08.2023,38.5,22.2,30.3,0.0
14.08.2023,40.2,25.8,32.9,0.0
15.08.2023,40.7,25.0,33.4,0.0
16.08.2023,39.3,24.1,32.2,0.0
17.08.2023,38.1,24.9,31.4,0.0
18.08.2023,38.1,23.3,31.2,0.0
19.08.2023,37.9,23.8,31.2,0.0
20.08.2023,36.2,22.0,29.4,0.0
21.08.2023,34.5,19.6,27.7,0.0
22.08.2023,32.7,20.7,26.9,0.0
23.08.2023,32.4,19.6,26.2,0.0
24.08.2023,34.1,18.7,26.9,0.0
25.08.2023,33.5,18.8,26.6,0.0
26.08.2023,31.7,18.7,25.4,0.0
27.08.2023,32.0,17.4,25.2,0.0
28.08.2023,31.0,19.0,25.0,0.1
29.08.2023,29.8,16.5,23.8,0.0
30.08.2023,34.7,16.6,26.0,0.0
31.08.2023,35.1,17.2,26.0,0.0
01.09.2023,31.8,16.9,24.9,0.0
02.09.2023,30.6,19.1,24.5,0.7
03.09.2023,26.9,17.0,21.8,0.7
04.09.2023,25.4,15.2,20.4,0.4
05.09.2023,29.4,15.7,22.5,0.0
06.09.2023,31.2,17.5,24.2,0.0
07.09.2023,30.5,18.1,24.4,0.0
08.09.2023,28.2,18.2,23.0,0.1
09.09.2023,28.9,16.4,22.7,0.0
10.09.2023,25.8,18.1,21.4,0.0
11.09.2023,23.4,13.3,18.4,0.0
12.09.2023,23.6,11.9,17.8,0.0
13.09.2023,23.6,11.4,17.5,0.0
14.09.2023,23.7,10.4,17.3,0.0
15.09.2023,25.5,11.0,18.3,0.0
16.09.2023,26.2,11.3,19.0,0.0
17.09.2023,24.0,11.9,18.4,0.0
18.09.2023,23.5,11.2,17.9,0.0
19.09.2023,24.5,11.3,18.3,0.0
20.09.2023,26.1,10.6,18.3,0.0
21.09.2023,28.1,12.0,19.9,0.0
22.09.2023,29.2,12.9,21.6,0.0
23.09.2023,29.2,13.6,21.4,0.0
24.09.2023,29.3,13.3,21.3,0.0
25.09.2023,30.2,15.5,22.6,0.0
26.09.2023,28.6,14.0,21.8,0.0
27.09.2023,29.5,14.3,21.9,0.0
28.09.2023,27.6,14.5,20.8,1.7
29.09.2023,25.3,13.2,19.6,0.0
30.09.2023,24.1,14.0,18.2,12.0
01.10.2023,19.9,13.2,15.4,8.0
02.10.2023,19.7,10.3,14.9,1.7
03.10.2023,19.7,11.9,15.4,0.7
04.10.2023,19.4,8.4,13.8,0.0
05.10.2023,20.6,7.7,13.8,0.0
06.10.2023,21.6,7.5,14.3,0.0
07.10.2023,21.4,9.9,14.9,0.0
08.10.2023,25.1,8.2,15.8,0.0
09.10.2023,23.0,9.0,15.9,0.0
10.10.2023,21.7,9.0,15.0,0.0
11.10.2023,19.8,8.7,14.3,0.0
12.10.2023,19.0,6.9,13.0,0.0
13.10.2023,22.0,7.5,14.5,0.0
14.10.2023,22.9,8.8,16.0,0.0
15.10.2023,21.3,8.8,14.8,0.0
16.10.2023,22.9,8.7,15.5,0.0
17.10.2023,21.2,7.6,14.5,0.0
18.10.2023,20.9,8.2,13.7,3.1
19.10.2023,17.2,8.3,12.5,0.0
20.10.2023,23.3,6.0,14.1,0.0
21.10.2023,23.7,8.4,15.6,0.0
22.10.2023,24.0,9.5,16.7,0.0
23.10.2023,24.9,9.2,16.6,0.0
24.10.2023,24.8,10.0,16.9,0.0
25.10.2023,27.3,10.1,17.7,0.0
26.10.2023,25.4,11.0,17.3,0.0
27.10.2023,26.3,11.1,17.9,0.0
28.10.2023,26.2,11.0,17.5,0.0
29.10.2023,24.4,9.6,16.4,0.0
30.10.2023,23.0,13.9,18.0,0.0
31.10.2023,24.0,10.6,16.7,0.0
01.11.2023,23.4,9.4,15.9,0.0
02.11.2023,22.7,9.1,14.8,0.0
03.11.2023,23.6,9.5,15.1,0.0
04.11.2023,26.1,8.0,15.9,0.0
05.11.2023,23.2,10.0,15.7,0.0
06.11.2023,24.1,10.7,16.1,0.0
07.11.2023,21.0,9.4,15.2,0.0
08.11.2023,22.0,7.4,14.0,0.0
09.11.2023,22.2,7.7,13.9,0.0
10.11.2023,18.8,9.0,13.7,0.0
11.11.2023,24.1,6.9,14.3,0.0
12.11.2023,21.3,9.0,14.7,0.0
13.11.2023,20.5,8.3,13.9,0.1
14.11.2023,13.4,6.0,11.0,5.0
15.11.2023,18.3,3.5,9.5,0.0
16.11.2023,19.8,4.0,10.3,1.3
17.11.2023,12.4,0.5,6.1,0.0
18.11.2023,17.9,4.6,10.4,21.9
19.11.2023,9.4,-0.4,4.2,0.5
20.11.2023,9.2,-1.9,3.0,0.0
21.11.2023,11.0,-1.9,4.0,0.0
22.11.2023,16.1,2.4,8.7,0.0
23.11.2023,15.1,2.3,8.0,0.0
24.11.2023,18.6,2.9,9.8,0.0
25.11.2023,14.6,5.0,8.9,30.8
26.11.2023,15.5,5.7,10.0,2.3
27.11.2023,5.7,-3.1,2.1,0.0
28.11.2023,7.0,-4.7,0.2,0.0
29.11.2023,13.0,2.2,7.4,0.0
30.11.2023,16.3,4.1,9.6,0.0
01.12.2023,16.6,2.7,8.0,0.0
02.12.2023,16.0,2.3,7.8,0.0
03.12.2023,18.0,2.8,9.6,0.0
04.12.2023,14.9,2.3,8.1,0.0
05.12.2023,14.2,5.1,8.6,0.0
06.12.2023,12.6,2.6,7.3,0.0
07.12.2023,12.6,2.2,6.5,0.0
08.12.2023,9.5,3.8,6.7,6.1
09.12.2023,11.1,0.3,5.9,5.7
10.12.2023,8.4,-0.9,3.6,0.0
11.12.2023,7.2,2.1,4.5,6.8
12.12.2023,9.8,-0.4,4.7,0.0
13.12.2023,9.4,-1.3,3.7,0.0
14.12.2023,14.3,-0.9,5.7,0.0
15.12.2023,16.4,3.2,8.1,0.0
16.12.2023,13.8,5.8,8.8,0.1
17.12.2023,8.6,-0.3,6.0,3.4
18.12.2023,5.6,-4.0,0.8,0.0
19.12.2023,7.4,-1.3,2.2,0.0
20.12.2023,8.6,0.4,4.6,0.0
21.12.2023,10.4,2.0,5.5,3.6
22.12.2023,11.3,1.4,5.5,0.2
23.12.2023,11.1,0.1,4.6,0.0
24.12.2023,12.5,-1.7,4.3,0.0
25.12.2023,13.9,-1.0,4.6,0.0
26.12.2023,12.3,-0.0,5.1,0.0
27.12.2023,11.4,-1.2,4.4,0.0
28.12.2023,10.5,-0.6,4.5,0.0
29.12.2023,8.4,-0.7,3.9,0.0
30.12.2023,9.7,-1.2,4.1,0.0
31.12.2023,10.6,-0.1,4.4,0.0
01.01.2024,8.4,-0.3,4.4,0.5
02.01.2024,13.6,3.5,7.3,4.1
03.01.2024,13.1,0.1,6.2,3.0
04.01.2024,14.6,4.8,8.8,0.0
05.01.2024,12.7,5.8,9.2,0.0
06.01.2024,12.5,-1.2,4.9,0.0
07.01.2024,14.2,1.0,6.4,0.0
08.01.2024,14.1,5.1,9.0,0.1
09.01.2024,10.7,4.2,6.9,9.9
10.01.2024,6.5,2.0,4.0,1.5
11.01.2024,6.9,1.0,3.6,0.4
12.01.2024,6.3,-2.4,1.8,3.0
13.01.2024,2.3,-3.0,-0.6,0.0
14.01.2024,2.7,-4.7,-1.9,0.0
15.01.2024,9.9,-3.6,2.6,0.0
16.01.2024,12.4,2.8,6.7,0.3
17.01.2024,12.1,1.0,6.0,0.1
18.01.2024,13.0,-0.3,6.9,0.0
19.01.2024,14.5,4.8,8.5,0.4
20.01.2024,13.8,3.5,9.0,0.0
21.01.2024,8.4,2.9,6.4,17.0
22.01.2024,3.6,-0.0,1.4,0.3
23.01.2024,3.4,-3.0,-0.2,0.0
24.01.2024,3.8,-4.6,-1.4,0.0
25.01.2024,4.0,-5.6,-1.5,0.0
26.01.2024,3.9,-2.0,0.4,1.1
27.01.2024,3.9,-1.7,0.6,0.0
28.01.2024,3.5,-4.6,-1.1,0.0
29.01.2024,1.2,-2.9,-1.2,0.1
30.01.2024,2.5,-3.3,-0.8,0.3
31.01.2024,4.6,-1.7,0.8,0.0
01.02.2024,5.4,-4.5,-0.3,0.0
02.02.2024,6.5,-4.2,0.7,0.0
03.02.2024,5.7,-3.9,0.2,0.0
04.02.2024,8.1,-3.3,1.8,0.0
05.02.2024,10.6,-2.2,3.3,0.0
06.02.2024,15.1,-0.7,5.9,0.0
07.02.2024,17.6,-0.8,6.9,0.0
08.02.2024,13.3,2.5,7.5,0.0
09.02.2024,12.2,2.4,6.3,0.5
10.02.2024,14.9,-0.9,5.8,0.0
11.02.2024,15.6,-0.0,6.5,0.0
12.02.2024,15.0,3.4,8.5,0.0
13.02.2024,14.5,2.8,8.0,1.5
14.02.2024,8.8,2.6,5.6,3.5
15.02.2024,10.5,0.2,4.6,0.0
16.02.2024,9.4,0.8,5.1,0.3
17.02.2024,9.5,1.6,5.7,0.1
18.02.2024,6.9,0.9,4.3,1.4
19.02.2024,7.2,-0.6,3.6,0.0
20.02.2024,9.3,-2.0,3.7,0.0
21.02.2024,12.6,-1.6,4.8,0.4
22.02.2024,10.1,-0.5,4.0,0.1
23.02.2024,14.4,-1.3,5.7,0.0
24.02.2024,13.7,0.1,6.6,0.0
25.02.2024,14.7,0.7,7.8,0.0
26.02.2024,13.7,4.5,8.1,1.8
27.02.2024,13.5,3.3,8.1,0.0
28.02.2024,15.9,2.5,8.9,0.0
29.02.2024,16.5,2.6,9.8,0.0
01.03.2024,17.4,5.2,11.2,0.0
02.03.2024,17.2,2.7,9.8,0.5
03.03.2024,13.8,2.9,7.8,0.4
04.03.2024,14.4,0.3,7.5,0.3
05.03.2024,16.1,1.5,8.5,1.0
06.03.2024,10.5,1.7,6.0,4.0
07.03.2024,12.5,-1.2,4.8,0.2
08.03.2024,13.4,-0.1,6.1,1.8
09.03.2024,9.7,-0.7,4.6,0.3
10.03.2024,9.6,-2.6,3.3,0.0
11.03.2024,14.8,-2.0,6.5,0.0
12.03.2024,19.2,0.9,9.2,0.0
13.03.2024,17.4,3.3,9.8,1.4
14.03.2024,13.5,0.2,6.9,1.2
15.03.2024,13.1,1.7,6.7,0.5
16.03.2024,11.6,-0.2,5.6,0.4
17.03.2024,12.5,1.6,7.5,0.0
18.03.2024,14.1,2.4,8.3,0.0
19.03.2024,14.6,2.6,8.2,0.0
20.03.2024,14.6,2.4,7.8,2.2
21.03.2024,7.9,-0.3,4.5,1.6
22.03.2024,8.0,-4.2,1.7,0.6
23.03.2024,7.7,-3.7,2.4,0.0
24.03.2024,14.1,-3.0,5.2,0.0
25.03.2024,16.9,-0.8,8.1,0.0
26.03.2024,14.0,4.7,8.6,1.1
27.03.2024,20.4,4.9,12.1,0.3
28.03.2024,23.6,3.9,13.5,0.8
29.03.2024,20.6,10.3,14.7,1.0
30.03.2024,22.7,6.9,15.7,0.0
31.03.2024,25.4,8.7,17.1,0.0
01.04.2024,25.5,9.1,17.3,0.0
02.04.2024,27.4,10.2,18.9,0.0
03.04.2024,28.2,8.8,18.6,0.0
04.04.2024,27.1,8.3,17.0,0.0
05.04.2024,21.2,8.6,15.1,0.0
06.04.2024,17.1,7.7,12.6,0.0
07.04.2024,17.1,5.8,12.0,0.0
08.04.2024,11.4,6.0,8.0,2.8
09.04.2024,16.7,5.1,10.6,7.9
10.04.2024,19.3,9.8,13.7,0.7
11.04.2024,19.3,6.7,13.2,0.1
12.04.2024,20.9,7.7,14.1,0.0
13.04.2024,18.9,8.6,13.8,1.2
14.04.2024,17.7,9.4,13.2,0.6
15.04.2024,20.3,6.6,14.0,0.0
16.04.2024,27.3,5.8,16.6,0.0
17.04.2024,26.2,9.5,18.1,0.1
18.04.2024,25.0,11.2,18.2,0.0
19.04.2024,26.4,6.5,16.2,0.0
20.04.2024,19.7,9.7,14.0,0.6
21.04.2024,22.9,6.2,14.4,0.0
22.04.2024,24.1,8.3,17.0,0.0
23.04.2024,31.4,11.0,20.3,0.0
24.04.2024,31.8,15.8,23.1,0.0
25.04.2024,29.6,16.6,23.1,0.1
26.04.2024,29.2,14.8,22.2,0.4
27.04.2024,27.9,11.5,17.9,1.3
28.04.2024,27.1,12.9,19.3,1.9
29.04.2024,25.0,12.2,17.5,5.3
30.04.2024,23.5,12.3,16.8,7.4
01.05.2024,22.5,11.8,16.5,9.0
02.05.2024,24.2,10.0,16.0,0.6
03.05.2024,21.1,7.9,15.1,0.9
04.05.2024,21.2,8.5,13.9,5.7
05.05.2024,12.1,6.6,8.8,19.9
06.05.2024,15.6,5.0,10.0,0.0
07.05.2024,18.9,2.4,11.6,0.0
08.05.2024,24.0,6.0,15.9,0.0
09.05.2024,22.8,9.1,16.0,0.0
10.05.2024,27.1,8.5,16.4,0.3
11.05.2024,19.9,11.5,15.5,3.9
12.05.2024,15.5,8.6,12.0,8.4
13.05.2024,17.1,8.0,12.5,1.8
14.05.2024,16.1,4.4,10.9,0.0
15.05.2024,21.1,6.2,13.8,0.1
16.05.2024,22.5,7.4,15.0,0.5
17.05.2024,25.7,9.6,17.4,0.2
18.05.2024,27.9,13.6,20.0,1.1
19.05.2024,25.8,12.6,19.0,0.6
20.05.2024,27.5,12.9,20.1,0.8
21.05.2024,29.0,13.1,21.4,0.0
22.05.2024,30.5,12.7,21.7,0.9
23.05.2024,27.6,11.6,19.6,0.0
24.05.2024,19.5,11.7,15.2,1.7
25.05.2024,23.2,10.9,17.1,0.0
26.05.2024,24.1,9.6,17.0,0.8
27.05.2024,20.5,10.9,15.8,0.5
28.05.2024,20.3,9.6,15.1,6.8
29.05.2024,23.1,9.4,15.8,2.3
30.05.2024,23.7,9.0,16.7,0.2
31.05.2024,23.4,9.2,16.9,2.9
01.06.2024,28.2,11.0,19.5,0.0
02.06.2024,29.1,13.8,22.3,0.0
03.06.2024,31.0,17.2,24.6,0.0
04.06.2024,32.6,18.1,26.0,0.0
05.06.2024,33.9,17.5,26.6,0.0
06.06.2024,33.6,18.6,26.6,0.0
07.06.2024,31.0,17.1,24.3,0.8
08.06.2024,25.9,14.7,20.5,3.3
09.06.2024,26.8,13.9,20.6,0.0
10.06.2024,28.6,15.1,22.0,0.0
11.06.2024,33.0,15.5,24.6,0.0
12.06.2024,36.4,17.5,27.6,0.0
13.06.2024,36.2,19.3,28.3,0.0
14.06.2024,37.1,18.8,28.7,1.5
15.06.2024,29.7,19.4,24.5,0.0
16.06.2024,31.8,15.2,23.7,0.0
17.06.2024,33.5,17.9,26.4,0.0
18.06.2024,34.3,19.6,27.7,0.0
19.06.2024,33.9,20.2,27.5,0.0
20.06.2024,34.1,19.7,27.3,0.0
21.06.2024,31.8,20.0,26.2,0.0
22.06.2024,32.8,18.6,26.0,0.0
23.06.2024,34.7,17.4,26.6,0.0
24.06.2024,35.8,18.1,27.9,0.0
25.06.2024,37.3,20.4,29.8,0.0
26.06.2024,33.0,20.7,26.8,0.0
27.06.2024,32.3,17.5,25.2,0.0
28.06.2024,34.9,18.0,27.1,0.7
29.06.2024,29.9,20.2,25.0,0.0
30.06.2024,27.7,17.1,22.4,0.0
01.07.2024,29.1,16.8,23.4,0.0
02.07.2024,30.9,17.1,24.5,0.0
03.07.2024,36.5,17.3,27.4,0.2
04.07.2024,32.7,18.2,26.3,0.0
05.07.2024,30.5,17.0,24.0,0.0
06.07.2024,28.4,17.7,23.4,0.0
07.07.2024,31.4,18.5,25.2,0.0
08.07.2024,32.7,18.9,25.9,0.0
09.07.2024,31.2,21.5,26.4,0.0
10.07.2024,32.0,20.5,25.7,3.6
11.07.2024,32.0,17.9,24.9,0.0
12.07.2024,32.5,17.7,25.5,0.0
13.07.2024,32.8,18.7,25.7,0.2
14.07.2024,30.0,20.1,25.2,0.0
15.07.2024,31.5,19.5,25.7,0.0
16.07.2024,32.6,19.2,26.2,0.0
17.07.2024,32.9,21.5,27.2,2.6
18.07.2024,32.8,19.5,26.9,0.0
19.07.2024,32.3,22.3,27.4,0.0
20.07.2024,31.7,20.6,26.7,0.0
21.07.2024,34.6,20.3,28.0,0.0
22.07.2024,36.2,19.8,29.2,0.0
23.07.2024,35.9,22.2,29.7,0.0
24.07.2024,32.9,20.7,27.0,0.4
25.07.2024,32.9,21.5,26.8,1.0
26.07.2024,28.1,17.9,23.4,1.5
27.07.2024,27.9,14.8,22.1,0.0
28.07.2024,29.1,17.0,22.9,0.0
29.07.2024,29.9,16.1,23.2,0.0
30.07.2024,30.7,16.9,24.5,0.0
31.07.2024,30.0,18.5,24.1,0.0
01.08.2024,30.7,17.1,24.3,0.0
02.08.2024,32.7,17.4,25.5,0.0
03.08.2024,35.1,17.2,27.2,0.0
04.08.2024,34.1,19.6,27.8,0.0
05.08.2024,33.8,20.2,27.8,0.0
06.08.2024,33.9,19.0,27.1,0.0
07.08.2024,32.7,20.8,27.1,0.0
08.08.2024,33.7,19.0,26.8,0.0
09.08.2024,35.3,21.4,28.3,0.0
10.08.2024,32.3,21.1,27.2,0.3
11.08.2024,30.3,20.0,25.1,0.0
12.08.2024,29.9,18.3,24.1,0.0
13.08.2024,31.6,17.6,24.6,0.0
14.08.2024,33.8,19.1,26.8,0.0
15.08.2024,32.9,19.6,26.3,0.0
16.08.2024,29.8,18.5,24.1,0.0
17.08.2024,27.2,15.0,21.1,0.0
18.08.2024,31.9,15.2,23.7,0.0
19.08.2024,35.5,17.3,26.7,0.0
20.08.2024,36.0,19.4,27.9,0.0
21.08.2024,36.9,20.3,28.6,0.0
22.08.2024,33.6,18.8,26.6,0.0
23.08.2024,32.8,20.4,26.7,0.0
24.08.2024,29.1,19.3,23.9,1.3
25.08.2024,28.0,16.7,22.6,0.1
26.08.2024,29.3,15.8,22.1,0.3
27.08.2024,30.1,16.6,23.2,0.0
28.08.2024,29.3,15.6,23.0,0.0
29.08.2024,29.9,17.2,23.2,0.1
30.08.2024,29.1,15.4,22.5,0.0
31.08.2024,29.4,16.6,22.9,0.1
01.09.2024,28.2,15.3,21.2,5.1
02.09.2024,27.6,14.6,20.6,0.7
03.09.2024,27.1,16.5,21.6,0.5
04.09.2024,28.5,15.8,22.4,0.3
05.09.2024,28.3,17.7,22.8,1.5
06.09.2024,28.8,15.6,22.4,0.0
07.09.2024,28.8,14.4,22.0,0.0
08.09.2024,28.0,14.8,21.2,2.2
09.09.2024,27.8,13.8,20.7,0.0
10.09.2024,30.0,14.2,21.6,0.0
11.09.2024,29.0,13.4,21.2,0.5
12.09.2024,29.2,14.7,21.8,0.3
13.09.2024,30.9,16.1,23.1,0.0
14.09.2024,30.4,15.2,23.1,0.0
15.09.2024,31.6,17.9,24.0,0.0
16.09.2024,26.3,15.1,20.6,0.0
17.09.2024,27.8,15.2,21.1,0.0
18.09.2024,27.7,14.6,21.5,0.0
19.09.2024,24.5,14.7,19.6,0.0
20.09.2024,23.9,13.3,18.6,4.2
21.09.2024,23.9,13.2,18.4,3.9
22.09.2024,18.8,13.1,15.3,1.9
23.09.2024,19.6,9.4,14.6,0.1
24.09.2024,20.9,10.0,15.3,0.0
25.09.2024,22.8,9.8,16.2,0.0
26.09.2024,24.3,12.0,17.6,0.0
27.09.2024,25.7,12.7,18.7,0.0
28.09.2024,27.2,13.6,19.8,0.0
29.09.2024,29.3,11.7,20.2,0.0
30.09.2024,27.7,12.7,17.8,13.9
01.10.2024,19.1,7.9,13.3,0.4
02.10.2024,19.1,6.6,12.5,0.0
03.10.2024,23.5,7.6,15.5,0.0
04.10.2024,24.8,10.2,17.2,0.0
05.10.2024,25.0,11.2,18.1,0.0
06.10.2024,27.5,11.2,18.7,0.0
07.10.2024,27.5,11.5,18.6,0.0
08.10.2024,25.6,11.2,18.2,0.0
09.10.2024,28.8,14.5,20.4,0.0
10.10.2024,28.2,10.5,18.9,0.0
11.10.2024,27.0,12.7,19.3,0.1
12.10.2024,29.2,12.2,20.1,0.0
13.10.2024,24.1,13.0,18.3,0.0
14.10.2024,23.9,12.0,17.7,0.0
15.10.2024,23.2,10.9,16.9,0.0
16.10.2024,23.6,11.0,17.1,0.0
17.10.2024,16.7,8.0,12.5,0.0
18.10.2024,13.4,3.2,8.0,0.0
19.10.2024,14.2,2.6,7.7,0.0
20.10.2024,13.9,1.1,7.2,0.0
21.10.2024,13.5,2.5,7.7,0.0
22.10.2024,14.0,5.5,8.9,0.0
23.10.2024,14.1,3.4,8.0,0.0
24.10.2024,16.5,2.9,9.0,0.0
25.10.2024,14.4,5.0,9.2,0.0
26.10.2024,15.7,3.6,9.3,0.0
27.10.2024,16.5,3.6,9.8,0.0
28.10.2024,17.1,3.1,9.4,0.0
29.10.2024,17.3,3.8,10.4,0.0
30.10.2024,15.9,6.2,10.3,0.0
31.10.2024,15.3,4.0,8.9,0.0
01.11.2024,15.8,3.2,9.0,0.0
02.11.2024,18.8,5.1,11.4,0.0
03.11.2024,16.6,4.8,10.5,0.0
04.11.2024,12.6,3.0,7.3,0.0
05.11.2024,11.7,2.2,6.0,0.0
06.11.2024,11.7,0.5,5.6,0.0
07.11.2024,12.0,-0.9,5.0,0.0
08.11.2024,12.9,-0.7,5.5,0.0
09.11.2024,12.3,-0.4,5.7,0.0
10.11.2024,11.3,2.0,6.5,7.0
11.11.2024,15.0,6.1,9.0,0.1
12.11.2024,16.1,2.9,9.0,0.0
13.11.2024,15.9,3.2,8.9,0.0
14.11.2024,15.6,3.1,9.2,0.0
15.11.2024,17.7,3.8,10.2,0.0
16.11.2024,15.5,4.5,10.4,0.0
17.11.2024,13.6,6.2,9.3,2.4
18.11.2024,12.1,1.9,6.9,0.4
19.11.2024,12.5,3.6,7.5,0.1
20.11.2024,15.3,1.7,8.1,0.0
21.11.2024,16.1,4.5,9.8,0.2
22.11.2024,18.0,7.9,11.0,0.0
23.11.2024,17.5,4.7,11.6,3.6
24.11.2024,2.0,-3.0,-1.2,10.9
25.11.2024,-0.9,-4.1,-2.6,0.0
26.11.2024,1.7,-6.9,-1.6,0.5
27.11.2024,4.1,-5.2,-0.1,0.0
28.11.2024,5.9,-1.9,1.3,0.0
29.11.2024,6.1,-3.2,1.3,0.0
30.11.2024,7.3,-1.8,1.7,0.0
01.12.2024,7.8,-1.1,2.1,0.0
02.12.2024,7.4,-1.5,1.9,0.0
03.12.2024,6.2,-0.6,2.3,2.9
04.12.2024,10.9,0.9,4.8,0.4
05.12.2024,9.1,3.0,5.6,2.9
06.12.2024,9.1,2.0,5.5,0.0
07.12.2024,9.8,0.5,4.6,0.1
08.12.2024,12.1,3.7,7.2,0.2
09.12.2024,14.5,4.5,8.4,0.0
10.12.2024,14.2,4.4,8.2,0.0
11.12.2024,15.1,3.0,7.6,0.0
12.12.2024,11.0,3.1,5.8,2.6
13.12.2024,5.1,-0.4,2.6,0.0
14.12.2024,2.5,-1.7,0.0,0.0
15.12.2024,9.8,-2.2,3.5,0.0
16.12.2024,5.8,0.1,3.9,4.4
17.12.2024,6.6,-1.1,1.9,0.0
18.12.2024,8.2,-1.9,2.1,0.0
19.12.2024,8.0,-0.2,2.7,0.0
20.12.2024,8.3,-0.2,2.7,0.0
21.12.2024,10.2,-1.8,3.5,1.0
22.12.2024,11.0,-0.4,4.7,2.2
23.12.2024,9.3,2.6,4.9,0.2
24.12.2024,11.4,1.2,5.7,1.1
25.12.2024,9.3,2.7,5.4,7.6
26.12.2024,7.8,2.7,4.7,1.3
27.12.2024,8.1,2.5,4.8,1.2
28.12.2024,5.2,1.5,3.3,1.6
29.12.2024,5.5,1.3,3.3,8.8
30.12.2024,2.8,1.0,1.8,5.7
31.12.2024,4.9,1.3,2.8,0.4
01.01.2025,5.3,-1.8,0.9,0.0
02.01.2025,6.9,-1.7,1.4,0.0
03.01.2025,9.2,-3.8,1.7,0.0
04.01.2025,10.7,-1.7,4.3,3.8
05.01.2025,7.8,-0.1,4.7,1.2
06.01.2025,8.3,0.1,3.9,0.2
07.01.2025,10.3,-0.3,3.6,0.0
08.01.2025,10.4,-0.9,3.8,0.0
09.01.2025,10.0,0.1,3.8,0.0
10.01.2025,9.7,1.0,3.9,0.0
11.01.2025,10.2,-2.2,3.0,0.1
12.01.2025,12.9,1.3,6.2,0.0
13.01.2025,14.6,4.6,8.4,0.0
14.01.2025,11.2,2.8,7.0,0.2
15.01.2025,10.9,2.3,5.9,6.3
16.01.2025,7.8,0.2,4.1,0.6
17.01.2025,5.6,-1.7,3.3,0.2
18.01.2025,7.6,-2.4,1.2,0.0
19.01.2025,8.5,-2.3,1.7,0.0
20.01.2025,7.9,-1.4,2.7,0.0
21.01.2025,8.5,-1.2,2.6,0.0
22.01.2025,5.3,1.5,3.2,10.1
23.01.2025,9.2,-0.7,3.6,0.1
24.01.2025,9.6,-1.8,2.7,0.1
25.01.2025,10.1,-1.6,3.7,0.3
26.01.2025,10.4,0.8,4.9,0.0
27.01.2025,9.4,-1.3,3.5,0.0
28.01.2025,9.9,-0.2,3.4,0.0
29.01.2025,10.6,-2.2,3.0,0.0
30.01.2025,10.9,-0.8,4.7,0.0
31.01.2025,11.7,-1.4,4.5,0.0
01.02.2025,10.4,-0.8,4.2,0.0
02.02.2025,10.0,-0.2,4.1,0.0
03.02.2025,11.6,-1.7,3.5,0.0
04.02.2025,8.8,-1.5,3.1,1.4
05.02.2025,1.5,-3.1,-0.9,6.9
06.02.2025,0.4,-4.5,-2.4,0.3
07.02.2025,0.4,-6.1,-2.5,0.0
08.02.2025,1.8,-2.6,-0.4,0.0
09.02.2025,1.4,-2.1,-0.4,0.0
10.02.2025,1.7,-2.6,-0.6,0.0
11.02.2025,1.6,-4.1,-1.3,0.0
12.02.2025,2.3,-4.9,-1.4,0.0
13.02.2025,2.8,-2.4,-0.4,0.7
14.02.2025,6.2,-5.2,-0.0,0.0
15.02.2025,10.2,-1.4,3.4,0.0
16.02.2025,12.3,-1.0,4.2,0.0
17.02.2025,12.6,-2.2,4.2,0.0
18.02.2025,9.8,-0.1,4.4,4.3
19.02.2025,4.0,0.5,2.2,1.1
20.02.2025,-0.2,-4.3,-2.0,0.1
21.02.2025,-1.1,-7.5,-4.3,0.0
22.02.2025,-2.2,-7.9,-5.2,0.2
23.02.2025,-2.5,-8.9,-5.9,0.0
24.02.2025,-1.0,-8.9,-5.1,0.0
25.02.2025,5.6,-8.9,-1.8,0.0
26.02.2025,8.2,-5.2,0.6,0.0
27.02.2025,10.0,-4.1,2.1,0.0
28.02.2025,9.8,-0.3,3.8,2.1
01.03.2025,9.7,0.3,4.3,0.3
02.03.2025,14.3,-1.9,5.2,0.0
03.03.2025,4.1,1.7,3.1,14.5
04.03.2025,7.8,0.6,3.6,0.2
05.03.2025,11.4,-1.0,5.1,0.0
06.03.2025,13.8,1.9,7.8,0.0
07.03.2025,14.4,4.2,8.4,0.0
08.03.2025,15.5,-0.4,7.6,0.0
09.03.2025,19.6,2.4,10.2,0.0
10.03.2025,19.1,3.0,10.7,0.0
11.03.2025,21.2,1.1,11.0,0.0
12.03.2025,22.2,0.8,11.3,0.0
13.03.2025,21.9,4.8,12.6,0.0
14.03.2025,23.0,4.3,14.1,0.0
15.03.2025,25.7,7.1,16.3,0.0
16.03.2025,27.8,6.2,17.2,0.0
17.03.2025,23.6,11.4,17.3,0.0
18.03.2025,18.2,6.5,11.9,0.1
19.03.2025,7.7,-1.9,1.6,10.7
20.03.2025,-1.0,-5.4,-2.8,2.3
21.03.2025,1.2,-3.0,-1.3,0.0
22.03.2025,8.2,-7.3,0.2,0.0
23.03.2025,16.7,-3.8,6.0,0.0
24.03.2025,19.4,3.2,11.9,0.0
25.03.2025,23.2,7.0,14.9,0.2
26.03.2025,24.5,8.1,15.8,0.0
27.03.2025,25.1,11.2,17.8,0.0
28.03.2025,25.1,12.1,17.8,0.0
29.03.2025,19.6,8.6,14.3,0.0
30.03.2025,17.4,3.6,10.6,0.7
31.03.2025,16.6,3.4,10.6,0.9
01.04.2025,16.9,7.4,10.9,2.5
02.04.2025,16.3,5.4,10.2,0.1
03.04.2025,13.5,6.3,9.4,2.5
04.04.2025,13.8,4.0,8.3,4.0
05.04.2025,14.9,2.5,8.4,1.4
06.04.2025,14.7,4.7,9.6,0.3
07.04.2025,16.3,2.0,9.5,0.0
08.04.2025,16.6,5.6,10.7,0.0
09.04.2025,9.9,3.3,6.7,10.5
10.04.2025,7.7,-0.2,3.2,2.7
11.04.2025,9.2,-2.6,1.5,0.7
12.04.2025,10.0,-4.1,2.1,0.0
13.04.2025,8.9,0.8,4.0,2.7
14.04.2025,8.1,-0.0,4.1,0.0
15.04.2025,14.1,0.6,7.2,0.0
16.04.2025,18.9,2.5,10.5,0.0
17.04.2025,22.0,4.7,13.6,0.0
18.04.2025,26.3,7.0,17.1,0.0
19.04.2025,25.0,8.9,17.6,0.0
20.04.2025,23.9,8.6,16.1,0.1
21.04.2025,24.6,7.7,16.9,0.2
22.04.2025,26.6,8.5,18.2,0.1
23.04.2025,25.2,10.6,18.0,0.3
24.04.2025,25.2,9.9,16.2,0.1
25.04.2025,19.7,8.3,13.8,4.9
26.04.2025,18.1,7.3,12.5,1.2
27.04.2025,18.6,6.5,12.7,3.9
28.04.2025,17.8,9.1,12.9,0.0
29.04.2025,16.3,5.7,10.8,0.3
30.04.2025,17.0,7.4,12.3,0.7
01.05.2025,19.5,8.4,13.0,4.6
02.05.2025,17.4,4.3,10.6,0.4
03.05.2025,15.9,7.8,11.6,0.1
04.05.2025,18.6,6.4,12.6,0.6
05.05.2025,22.3,4.3,14.0,0.0
06.05.2025,23.8,9.3,16.8,0.3
07.05.2025,27.2,9.6,19.2,0.0
08.05.2025,24.4,13.3,18.2,3.3
09.05.2025,28.6,9.8,19.9,0.4
10.05.2025,28.8,12.7,20.7,0.5
11.05.2025,27.6,13.0,20.5,0.0
12.05.2025,23.7,11.5,17.5,0.5
13.05.2025,20.6,10.8,15.6,0.8
14.05.2025,20.5,7.6,14.0,1.1
15.05.2025,21.0,7.5,13.9,0.0
16.05.2025,28.2,9.3,18.8,0.1
17.05.2025,29.1,13.6,21.7,0.0
18.05.2025,27.0,11.8,19.5,0.0
19.05.2025,24.7,10.6,17.2,0.0
20.05.2025,25.8,10.1,18.6,0.0
21.05.2025,25.0,10.1,18.6,0.0
22.05.2025,28.5,12.3,21.4,0.0
23.05.2025,31.6,13.3,23.8,0.0
24.05.2025,29.6,15.3,23.7,0.0
25.05.2025,33.6,14.9,25.1,0.0
26.05.2025,31.6,19.4,25.1,0.0
27.05.2025,26.0,14.3,20.6,0.0
28.05.2025,24.7,12.3,18.7,0.0
29.05.2025,22.9,12.7,16.1,9.1
30.05.2025,21.5,9.4,14.3,6.8
31.05.2025,20.1,9.2,14.1,4.3
01.06.2025,18.6,8.5,13.7,12.1
02.06.2025,20.9,10.4,15.3,0.9
03.06.2025,22.4,11.4,16.7,0.2
04.06.2025,25.1,10.9,18.4,0.0
05.06.2025,28.2,12.2,21.0,0.0
06.06.2025,30.3,15.7,23.5,0.0
07.06.2025,31.1,17.5,24.5,0.0
08.06.2025,31.2,14.7,24.4,0.0
09.06.2025,32.4,14.6,24.6,0.0
10.06.2025,31.7,18.4,25.8,0.0
11.06.2025,30.8,18.4,25.3,0.0
12.06.2025,32.7,17.4,26.4,0.0
13.06.2025,33.7,19.9,27.3,0.0
14.06.2025,27.7,18.1,23.3,3.7
15.06.2025,26.3,14.1,20.5,0.0
16.06.2025,25.6,13.4,19.7,0.0
17.06.2025,25.9,13.9,20.3,0.0
18.06.2025,27.0,15.1,21.5,0.0
19.06.2025,29.4,16.8,23.7,0.0
20.06.2025,32.5,16.1,25.3,0.0
21.06.2025,30.8,18.8,24.2,0.5
22.06.2025,25.8,15.5,21.1,0.0
23.06.2025,26.9,14.0,21.3,0.0
24.06.2025,29.1,16.0,23.2,0.0
25.06.2025,32.0,16.7,25.1,0.0
26.06.2025,32.8,19.0,26.6,0.0
27.06.2025,31.7,20.2,26.4,0.0
28.06.2025,32.1,18.9,26.6,0.0
29.06.2025,28.2,18.0,22.1,0.4
30.06.2025,26.0,13.2,20.0,0.0
01.07.2025,28.7,16.8,23.1,0.0
02.07.2025,29.2,18.1,23.9,0.0
03.07.2025,26.2,14.7,21.0,0.0
04.07.2025,25.4,14.1,20.2,0.0
05.07.2025,27.9,14.3,21.5,0.0
06.07.2025,30.8,17.2,24.1,0.0
07.07.2025,32.7,18.6,26.3,0.0
08.07.2025,36.4,17.9,28.6,0.0
09.07.2025,37.5,21.6,30.0,0.0
10.07.2025,37.1,20.4,29.6,0.0
11.07.2025,37.0,20.7,29.5,0.0
12.07.2025,37.3,20.1,29.4,0.0
13.07.2025,37.0,22.5,30.5,0.0
14.07.2025,36.8,24.3,31.0,0.0
15.07.2025,35.3,23.4,29.7,0.0
16.07.2025,30.8,20.6,25.9,0.2
17.07.2025,32.2,16.7,25.2,0.0
18.07.2025,34.8,18.2,26.5,0.3
19.07.2025,33.2,18.9,26.8,0.0
20.07.2025,31.8,19.5,26.6,0.0
21.07.2025,33.9,21.2,27.8,0.0
22.07.2025,35.0,19.3,28.2,0.0
23.07.2025,36.2,19.3,28.5,0.0
24.07.2025,35.2,23.6,29.5,0.0
25.07.2025,32.8,21.6,27.5,0.0
26.07.2025,32.1,18.9,25.9,0.0
27.07.2025,37.3,19.3,29.0,0.0
28.07.2025,38.9,21.6,31.6,0.0
29.07.2025,40.0,23.8,32.3,0.0
30.07.2025,38.8,22.1,31.1,0.0
31.07.2025,35.8,23.2,30.1,0.0
01.08.2025,35.1,23.6,29.0,0.0
02.08.2025,33.3,21.4,25.8,3.4
03.08.2025,32.2,19.5,25.9,0.0
04.08.2025,31.4,20.2,26.5,1.3
05.08.2025,34.8,21.1,28.2,0.0
06.08.2025,36.2,22.3,29.5,0.0
07.08.2025,35.0,22.8,29.4,0.0
08.08.2025,32.2,22.8,27.5,0.0
09.08.2025,32.3,21.7,27.1,0.0
10.08.2025,32.9,20.9,27.0,0.0
11.08.2025,32.9,20.5,26.9,0.0
12.08.2025,32.2,20.6,26.4,0.0
13.08.2025,33.0,20.2,26.8,0.0
14.08.2025,35.9,21.8,28.7,0.0
15.08.2025,36.4,22.3,29.2,0.0
16.08.2025,31.8,20.5,26.0,0.0
17.08.2025,33.5,18.4,26.3,0.0
18.08.2025,33.4,19.1,26.6,0.0
19.08.2025,31.7,19.9,26.4,0.0
20.08.2025,31.8,20.8,26.5,0.0
21.08.2025,30.7,18.6,25.2,0.0
22.08.2025,35.5,17.5,26.2,0.0
23.08.2025,35.7,17.8,26.9,0.0
24.08.2025,32.5,20.0,25.9,0.0
25.08.2025,28.8,18.3,23.5,0.0
26.08.2025,28.6,17.6,23.2,0.0
27.08.2025,28.4,17.7,23.0,0.0
28.08.2025,28.3,17.6,22.7,0.0
29.08.2025,30.5,15.8,23.3,0.0
30.08.2025,33.3,15.9,25.1,0.0
31.08.2025,35.7,19.9,27.0,0.0
01.09.2025,35.6,17.7,26.8,0.0
02.09.2025,31.7,19.5,26.1,0.0
03.09.2025,29.7,19.0,24.5,0.0
04.09.2025,27.7,17.5,22.8,0.0
05.09.2025,29.0,16.2,23.2,0.0
06.09.2025,31.7,18.9,24.4,0.0
07.09.2025,26.8,16.1,21.5,0.4
08.09.2025,22.4,14.8,18.7,3.2
09.09.2025,23.6,12.1,18.0,0.0
10.09.2025,25.6,11.2,18.7,0.0
11.09.2025,27.7,13.3,20.3,0.0
12.09.2025,28.9,14.0,21.7,0.0
13.09.2025,28.0,15.8,22.4,0.0
14.09.2025,28.1,17.2,22.5,0.0
15.09.2025,30.1,15.3,23.0,0.0
16.09.2025,28.7,15.7,22.8,0.0
17.09.2025,29.7,13.7,22.1,0.0
18.09.2025,24.8,14.4,19.4,0.0
19.09.2025,20.2,9.7,15.0,0.0
20.09.2025,21.1,11.0,16.1,0.0
21.09.2025,22.2,12.3,17.0,0.0
22.09.2025,23.7,10.0,17.2,0.0
23.09.2025,26.6,10.8,18.8,0.0
24.09.2025,28.1,12.5,20.4,0.0
25.09.2025,27.7,11.6,20.0,0.0
26.09.2025,24.9,13.5,19.3,0.0
27.09.2025,23.8,12.6,18.1,0.0
28.09.2025,28.7,12.1,19.7,0.0
29.09.2025,26.1,14.1,19.4,0.1
30.09.2025,19.6,13.4,15.7,3.9
01.10.2025,18.5,9.0,14.2,0.0
02.10.2025,20.6,9.3,14.9,0.0
03.10.2025,24.7,10.8,17.6,0.0
04.10.2025,26.3,13.8,19.1,0.0
05.10.2025,22.4,10.2,16.5,0.0
06.10.2025,24.1,9.5,16.9,0.0
07.10.2025,25.2,9.1,16.4,0.1
08.10.2025,18.2,11.5,14.2,5.8
09.10.2025,17.9,7.2,12.5,0.2
10.10.2025,16.3,5.3,11.1,0.0
11.10.2025,19.6,6.4,12.6,0.0
12.10.2025,12.6,6.1,9.3,4.0
13.10.2025,14.6,2.5,9.0,0.0
14.10.2025,16.9,5.1,10.4,0.0
15.10.2025,18.5,6.1,12.1,0.0
16.10.2025,19.8,8.4,13.6,0.0
17.10.2025,21.8,8.6,14.7,0.0
18.10.2025,24.6,6.0,15.1,0.0
19.10.2025,23.2,9.7,15.8,0.0
20.10.2025,17.7,9.6,13.9,0.6
21.10.2025,17.4,9.7,13.1,3.1
22.10.2025,21.9,7.7,14.6,0.1
23.10.2025,21.1,10.5,15.1,0.0
24.10.2025,22.7,9.9,15.7,0.0
25.10.2025,23.6,9.2,16.0,0.0
26.10.2025,23.9,10.1,15.8,0.0
27.10.2025,26.5,7.5,16.5,0.0
28.10.2025,22.0,9.8,15.8,0.0
29.10.2025,17.4,9.3,13.0,0.2
30.10.2025,18.0,5.5,11.0,0.0
31.10.2025,20.5,4.6,11.9,0.0
01.11.2025,19.9,7.6,13.2,0.0
02.11.2025,19.2,8.3,13.3,0.0
03.11.2025,21.9,7.9,13.9,0.0
04.11.2025,21.3,6.3,14.0,0.0
05.11.2025,20.5,9.9,14.8,0.0
06.11.2025,19.2,9.7,14.5,0.3
07.11.2025,20.9,9.5,14.7,0.0
08.11.2025,19.5,5.8,12.5,0.0
09.11.2025,20.0,6.7,12.8,0.0
10.11.2025,19.4,8.4,13.2,0.0
11.11.2025,20.7,8.6,13.9,0.0
12.11.2025,16.9,4.9,11.2,0.2
13.11.2025,14.9,6.7,10.8,1.6
14.11.2025,12.8,4.9,8.1,0.0
15.11.2025,11.1,2.9,6.8,0.0
16.11.2025,14.5,0.6,7.3,0.0
17.11.2025,16.8,0.6,8.3,0.0
18.11.2025,17.9,0.7,8.8,0.0
19.11.2025,17.7,4.9,10.5,0.0
20.11.2025,18.7,2.8,10.3,0.0
21.11.2025,19.7,2.6,10.5,0.0
22.11.2025,22.8,9.9,15.3,0.0
23.11.2025,22.9,10.7,15.5,0.0
24.11.2025,16.0,8.9,12.6,6.0
25.11.2025,13.9,6.9,9.8,2.6
26.11.2025,16.0,2.1,8.6,0.0
27.11.2025,15.4,5.3,9.6,0.0
28.11.2025,14.6,2.7,8.4,0.0
29.11.2025,16.5,2.9,9.3,0.2
30.11.2025,13.5,4.2,8.6,11.8
01.12.2025,12.4,0.4,5.5,0.1
02.12.2025,10.7,1.7,5.3,0.0
03.12.2025,10.3,0.9,4.9,0.0
04.12.2025,10.0,1.6,5.5,0.0
05.12.2025,9.0,2.7,5.9,8.3
06.12.2025,11.2,5.0,7.6,18.3
07.12.2025,7.4,2.2,5.0,5.5
08.12.2025,9.4,0.6,4.8,0.0
09.12.2025,8.2,5.2,6.7,0.0
10.12.2025,9.7,6.2,7.4,0.2
11.12.2025,8.0,2.8,5.9,1.1
12.12.2025,8.1,-0.2,3.6,0.0
13.12.2025,8.4,-0.2,3.8,0.0
14.12.2025,9.1,2.3,4.6,0.0
15.12.2025,7.2,1.6,3.7,0.2
16.12.2025,6.3,-0.6,2.3,0.0
17.12.2025,6.3,-0.8,2.0,0.0
18.12.2025,6.9,-2.1,1.7,0.0
19.12.2025,8.4,-0.7,3.1,0.0
20.12.2025,8.3,-0.2,2.8,0.0
21.12.2025,9.7,1.9,4.6,0.7
22.12.2025,9.2,1.7,5.2,1.1
23.12.2025,10.1,3.3,6.1,5.7
24.12.2025,9.8,3.2,5.6,0.3
25.12.2025,8.9,2.2,4.9,4.1
26.12.2025,8.6,1.6,4.6,4.3
27.12.2025,3.1,-2.3,1.3,2.5
28.12.2025,4.6,-4.1,-0.7,0.2
29.12.2025,1.4,-3.4,-1.2,0.6
30.12.2025,8.7,-6.5,0.2,0.0
31.12.2025,4.9,-0.9,1.7,10.0
01.01.2026,-0.1,-6.1,-2.4,0.6
02.01.2026,-0.5,-7.9,-5.0,0.0
03.01.2026,8.6,-7.8,-0.3,0.0
04.01.2026,11.6,0.2,3.9,0.0
05.01.2026,8.6,-1.9,2.9,0.0
06.01.2026,11.9,-0.4,4.8,0.0
07.01.2026,15.4,1.8,7.8,0.0
08.01.2026,14.0,4.3,7.9,14.6
09.01.2026,5.4,-1.8,2.1,5.7
10.01.2026,9.0,-2.7,2.7,0.0
11.01.2026,10.7,2.8,7.6,7.8
12.01.2026,5.2,0.2,2.6,3.6
13.01.2026,0.6,-3.1,-1.0,0.6
14.01.2026,2.4,-4.5,-1.5,0.0
15.01.2026,4.4,-2.8,0.5,0.0
16.01.2026,7.5,-2.0,1.8,0.0
17.01.2026,2.1,-3.7,-0.4,0.0
18.01.2026,-0.5,-4.4,-2.9,0.0
19.01.2026,0.7,-6.1,-3.1,0.0
20.01.2026,0.3,-4.5,-2.3,0.0
21.01.2026,0.7,-4.9,-2.2,0.0
22.01.2026,6.7,-1.6,2.2,1.7
23.01.2026,9.6,0.7,4.0,6.9
24.01.2026,9.7,0.7,4.0,7.2
25.01.2026,13.1,-0.5,4.7,0.0
26.01.2026,12.1,-0.1,5.3,0.0
27.01.2026,9.4,1.6,4.9,3.4
28.01.2026,9.4,0.1,3.9,1.2
29.01.2026,10.7,-1.0,4.8,0.1
30.01.2026,12.3,4.9,7.6,4.3
31.01.2026,13.5,3.5,8.1,3.4
01.02.2026,14.4,2.8,8.7,0.0
02.02.2026,11.7,5.9,8.6,4.9
03.02.2026,7.8,-0.3,4.2,0.0
04.02.2026,8.9,-2.0,3.1,0.0
05.02.2026,12.7,0.5,6.0,0.0
06.02.2026,9.3,4.6,6.4,5.7
07.02.2026,13.8,3.6,7.9,4.4
08.02.2026,14.8,0.4,7.1,1.3
09.02.2026,11.7,1.4,6.5,0.8
10.02.2026,10.7,2.8,6.3,2.5
11.02.2026,11.9,0.8,5.4,0.2
12.02.2026,10.6,0.3,6.2,4.8
13.02.2026,9.6,4.5,7.2,13.7
14.02.2026,13.6,2.3,7.4,0.0
15.02.2026,17.2,1.7,8.6,0.0
16.02.2026,18.4,4.9,11.0,0.0
17.02.2026,13.3,5.8,9.4,1.7
18.02.2026,8.5,1.1,5.5,24.8
19.02.2026,6.4,-2.3,2.3,0.3
20.02.2026,12.5,-1.5,4.5,0.0
21.02.2026,13.4,-1.7,5.2,0.1
22.02.2026,11.4,0.7,5.7,0.5
23.02.2026,7.7,0.9,4.0,0.1
24.02.2026,10.6,-1.4,4.0,0.0
25.02.2026,9.4,0.5,2.9,5.6
26.02.2026,3.9,-1.3,0.8,1.0
27.02.2026,2.6,-1.7,0.2,0.0
28.02.2026,3.7,-1.6,0.7,0.0
01.03.2026,4.1,-1.7,1.4,0.2
02.03.2026,8.1,-1.9,2.6,0.0
03.03.2026,11.0,-1.2,4.1,0.0
04.03.2026,7.6,0.8,3.7,0.0
05.03.2026,11.2,-2.7,4.1,0.0
06.03.2026,11.5,2.6,6.4,1.3
07.03.2026,7.2,0.8,3.6,0.7
08.03.2026,7.2,-1.6,2.3,0.0
09.03.2026,7.6,-1.3,2.9,0.0
10.03.2026,9.7,-0.7,4.3,0.0
11.03.2026,12.4,-1.7,5.0,0.0
12.03.2026,13.6,-1.4,6.0,0.0
13.03.2026,13.9,-1.0,6.3,0.0
14.03.2026,12.1,1.8,7.4,0.0
15.03.2026,11.5,6.6,8.8,0.5
16.03.2026,17.3,5.0,10.4,0.2
17.03.2026,18.7,3.3,10.3,0.0
18.03.2026,13.9,6.1,9.7,0.3
19.03.2026,10.0,6.1,8.2,8.7
20.03.2026,11.1,3.2,6.3,5.3
21.03.2026,10.3,3.9,6.0,11.0
22.03.2026,10.9,4.8,7.2,3.1
23.03.2026,11.9,2.3,6.5,4.4
24.03.2026,11.8,-0.1,5.9,14.8
25.03.2026,11.5,2.7,6.5,4.5
26.03.2026,10.6,3.6,7.0,0.3
27.03.2026,16.2,0.9,8.1,0.0
28.03.2026,16.1,3.2,9.0,0.6
29.03.2026,12.1,4.9,8.2,5.6
30.03.2026,9.5,2.6,5.9,0.7
